stock_code,title,author,time,read_count,reply_count,url,source,page,crawl_time
600519,指数为饵 题材高低切,鲸融说,07-06 01:04,9,0,http://caifuhao.eastmoney.com/news/20250706010456017102140,东方财富,1,2025-07-06 01:19:16
600519,当茅台酒600块钱左右15倍市盈率的时候。再考虑买入吧。也许得5年以后了。,股友UnoIlk,07-06 12:32,35,1,"http://guba.eastmoney.com/news,600519,1567943167.html",东方财富,1,2025-07-06 01:19:16
600519,我买过的股，寸草不生,gg流星蝴蝶剑,07-05 10:16,865,16,"http://guba.eastmoney.com/news,600519,1567901594.html",东方财富,1,2025-07-06 01:19:16
600519,快跌到一千吧。我要上车，然后退休养老,股友73I78961e7,07-05 06:13,150,4,"http://guba.eastmoney.com/news,600519,1567927921.html",东方财富,1,2025-07-06 01:19:16
600519,中国上市公司综合竞争力评价报告放榜，四银行股跻身前十,工商银行资讯,07-01 05:16,12534,91,"http://guba.eastmoney.com/news,601398,1566323662.html",东方财富,1,2025-07-06 01:19:16
600519,段永平“怕什么”背后：白酒板块的黄金底与龙头酒企的攻守道,高礼远山,07-03 02:21,7477,55,http://caifuhao.eastmoney.com/news/20250703142133685134700,东方财富,1,2025-07-06 01:19:16
600519,茅台酒跌破1375元，今天看见烟酒店倒闭关门清仓，未来这种事情将越来越多,悲惨世界123,07-05 11:13,71,0,"http://guba.eastmoney.com/news,600519,1567941186.html",东方财富,1,2025-07-06 01:19:16
600519,有啥好说的？向下20个点到位。向上200个点都不给你！正常来说重组后万亿级别这票,光棍割,07-05 11:08,121,0,"http://guba.eastmoney.com/news,000065,1567941028.html",东方财富,1,2025-07-06 01:19:16
600519,纯技术角度分析贵州茅台缠终交易分析法：从大周期开始明确股价所处的阶段。绝大多数股,缠终交易,07-05 05:18,228,9,http://caifuhao.eastmoney.com/news/20250705171814052177840,东方财富,1,2025-07-06 01:19:16
600519,“拥抱”电商、白酒降度，酒企新一轮“洗牌”将至？,洋河股份资讯,07-05 10:52,783,0,"http://guba.eastmoney.com/news,002304,1567940473.html",东方财富,1,2025-07-06 01:19:16
600519,贫穷喝白酒，小康喝啤酒。请关注漓泉啤酒直播间买二送一。品种多。,基民69jw29,07-05 10:23,62,1,"http://guba.eastmoney.com/news,600519,1567939051.html",东方财富,1,2025-07-06 01:19:16
600519,茅台见证了股市的发展历程，三个阶段逐步突围的A股，宣开了历史大幕,空仓连道非,07-05 09:25,156,2,http://caifuhao.eastmoney.com/news/20250705212522181422720,东方财富,1,2025-07-06 01:19:16
600519,茅台价格回涨 今日25年飞天茅台原箱批价报1935元/瓶,贵州茅台资讯,07-04 10:03,4380,47,"http://guba.eastmoney.com/news,600519,1567498653.html",东方财富,1,2025-07-06 01:19:16
600519,不要倒在黎明前，耐心持股，静待花开,逍遥醉股,07-04 10:11,320,2,"http://guba.eastmoney.com/news,000568,1567514621.html",东方财富,1,2025-07-06 01:19:16
600519,此一时彼一时，顶峰时期也是外资刚进来几年炒作而已,股友59T59a3339,07-05 10:25,67,0,"http://guba.eastmoney.com/news,600519,1567939150.html",东方财富,1,2025-07-06 01:19:16
600519,主要是年轻人不上当了，不抽烟不喝酒了。这才是主要逻辑,股友jqisrD,07-04 10:39,345,7,"http://guba.eastmoney.com/news,600519,1567873890.html",东方财富,1,2025-07-06 01:19:16
600519,茅台经销商集体清仓，黄牛卷款跑路，今天回收价又跌回1650，五粮液也跟着跳水到7,自强不息de斯特拉,07-05 09:50,207,0,"http://guba.eastmoney.com/news,600519,1567937590.html",东方财富,1,2025-07-06 01:19:16
600519,银行股的暴涨,放飞梦想TD63682,07-05 09:45,420,0,http://caifuhao.eastmoney.com/news/20250705214517437413710,东方财富,1,2025-07-06 01:19:16
600519,这个蛇矛真的吗？,吉祥高升方大,07-05 08:17,290,1,"http://guba.eastmoney.com/news,600519,1567933284.html",东方财富,1,2025-07-06 01:19:16
600519,新加坡其人其事,股友3t619H5561,07-05 09:40,110,0,"http://guba.eastmoney.com/news,600182,1567937160.html",东方财富,1,2025-07-06 01:19:16
600519,提起茅台必说五粮液，故市场有茅五之说，作为白酒双子星的五粮液，其市盈率不足茅台一,淸風徐徐來,07-04 03:25,1907,12,"http://guba.eastmoney.com/news,000858,1567795183.html",东方财富,1,2025-07-06 01:19:16
600519,2024年股东大会点评：韧性生长，价值升维,贵州茅台资讯,05-26 04:13,2600,12,"http://guba.eastmoney.com/news,600519,1553649974.html",东方财富,1,2025-07-06 01:19:16
600519,全国用电负荷超14亿千瓦创历史新高2025年07月04日18:54来源：央视新闻,股友0a65868g63,07-05 09:26,67,0,http://caifuhao.eastmoney.com/news/20250705092608381883130,东方财富,1,2025-07-06 01:19:16
600519,聊聊家人们担心Q2业绩问题，即管放心捏着筹码，Q1亏损都能熬了过来，Q2刚开始业务拓展和线上线下铺店！炸裂市场在Q3销售大旺季！,复利核弹威力,07-05 09:59,996,12,http://caifuhao.eastmoney.com/news/20250705095914899924210,东方财富,1,2025-07-06 01:19:16
600519,一帮穷G在唱空，手里估计连1手都没有。,响水炮炮兵,07-05 03:41,163,2,"http://guba.eastmoney.com/news,600519,1567919684.html",东方财富,1,2025-07-06 01:19:16
600519,破译顶级投资人的财富密码,扫地僧司马懿,07-04 04:22,1851,13,http://caifuhao.eastmoney.com/news/20250704162207676580850,东方财富,1,2025-07-06 01:19:16
600519,站在牛市起点，中国资本市场估值体系正在重构。,史Small,07-05 03:40,253,2,http://caifuhao.eastmoney.com/news/20250705154013845719200,东方财富,1,2025-07-06 01:19:16
600519,禁酒令一出，涨也是为了减仓,吴廣得,07-05 08:26,86,0,"http://guba.eastmoney.com/news,600519,1567933731.html",东方财富,1,2025-07-06 01:19:16
600519,“拥抱”电商、白酒降度，酒企新一轮“洗牌”将至？,洋河股份资讯,07-04 10:29,3249,26,"http://guba.eastmoney.com/news,002304,1567872611.html",东方财富,1,2025-07-06 01:19:16
600519,【中国贵州茅台】调整我对贵州茅台的期望值！(2025.4.28),天晴好卖货,04-28 12:09,537,3,http://caifuhao.eastmoney.com/news/20250428120937549634990,东方财富,1,2025-07-06 01:19:16
600519,国宴招待贵宾喝茅台，富人不怕贵，招待贵宾喝茅台，送礼送茅台。阶层不一样，我看不值,股友17303EK311,07-05 08:07,168,0,"http://guba.eastmoney.com/news,600519,1567932832.html",东方财富,1,2025-07-06 01:19:16
600519,张裕葡萄酒想要合并重组,起风了st易购,07-05 07:53,97,0,"http://guba.eastmoney.com/news,600519,1567932155.html",东方财富,1,2025-07-06 01:19:16
600519,不是这周嚷嚷破1400吗又改下周了？连个实盘V都没有，一手十几万只能看看的人瞎叽,默黑犬,07-04 10:39,172,4,"http://guba.eastmoney.com/news,600519,1567557231.html",东方财富,1,2025-07-06 01:19:16
600519,要学去买50一斤,机灵俏皮的静海7,07-05 06:15,322,0,"http://guba.eastmoney.com/news,600519,1567927979.html",东方财富,1,2025-07-06 01:19:16
600519,周五小上了三支股，时也势也！情绪在跨境支付互联金融数字货币京北方信雅达金一文化,游资江湖,07-05 02:15,641,3,"http://guba.eastmoney.com/news,002987,1567915541.html",东方财富,1,2025-07-06 01:19:16
600519,老段的成本很低吧，估计只有400多块,最爱美女A,07-02 03:28,158,2,"http://guba.eastmoney.com/news,600519,1566790895.html",东方财富,1,2025-07-06 01:19:16
600519,同是贵州贵阳银行1最低市盈率仅4倍2最低市净率仅0.4倍3高每股净资产每股16.,温和友善的谢杰,07-05 03:28,203,6,"http://guba.eastmoney.com/news,600519,1567919132.html",东方财富,1,2025-07-06 01:19:16
600519,$*ST春天(SH600381)$$贵州茅台(SH600519)$$五粮液(SZ,点石成金的鹰,07-04 05:18,1702,13,"http://guba.eastmoney.com/news,600381,1567823482.html",东方财富,1,2025-07-06 01:19:16
600519,棍子菌团已经重仓！还是老规矩！谁追高上车砍谁！低胸门精神点！我们的目标不是韭菜是,光棍割,07-05 01:00,303,4,"http://guba.eastmoney.com/news,000065,1567911696.html",东方财富,1,2025-07-06 01:19:16
600519,持续稳定分红的茅台酒，目前股价折合股息率也只3.62%，相对于银行保险等还不是特,可人一生平安,07-05 05:09,166,0,"http://guba.eastmoney.com/news,600519,1567924428.html",东方财富,1,2025-07-06 01:19:16
600519,禁酒令后白酒股票还能买吗？,股民脱口秀,07-04 01:00,4781,37,http://caifuhao.eastmoney.com/news/20250704130025902913000,东方财富,1,2025-07-06 01:19:16
600519,看看某音瘸子卖口子窖都是降价往外卖，都不太好卖，在看看其他的酒企，老板都上平台卖,大A领先者,07-05 04:55,262,0,"http://guba.eastmoney.com/news,600519,1567923718.html",东方财富,1,2025-07-06 01:19:16
600519,从基本面看，没有哪家公司可与茅台比。这一点暂且不争了。接下来重点看技术面。这个争,优质选势量形验证,07-04 10:41,3951,22,"http://guba.eastmoney.com/news,600519,1567559334.html",东方财富,1,2025-07-06 01:19:16
600519,时代不一样了，喝茅台的那些老酒鬼们数量在急剧减少，要么在土里，要么在牢里，没法消,套紧才爽1257,07-05 04:33,142,1,"http://guba.eastmoney.com/news,600519,1567922519.html",东方财富,1,2025-07-06 01:19:16
600519,14只白酒股下跌 贵州茅台1422.22元/股收盘,贵州茅台资讯,07-04 04:50,1601,9,"http://guba.eastmoney.com/news,600519,1567817182.html",东方财富,1,2025-07-06 01:19:16
600519,横有多长竖有多高，欠横必跌，接着横,喜气洋洋的爱子轩,07-05 04:11,142,0,"http://guba.eastmoney.com/news,600519,1567921355.html",东方财富,1,2025-07-06 01:19:16
600519,老丫头形态，稀缺题材品种，困境反转涅槃重生就买欢瑞世纪，长线持有大格局押注东方大,画饼未来首席韭裁,07-05 09:37,722,10,http://caifuhao.eastmoney.com/news/20250705093749379559200,东方财富,1,2025-07-06 01:19:16
600519,上代人喜欢喝酒，喝酒的年代一去不复返了，不转行做鸡尾酒一类的，注定被时代淘汰。,大A领先者,07-05 03:38,359,4,"http://guba.eastmoney.com/news,600519,1567919555.html",东方财富,1,2025-07-06 01:19:16
600519,不知不觉中股价快砍一半了，有多少人资产损失过半了。,谦逊的叶珂东,07-05 03:50,142,0,"http://guba.eastmoney.com/news,600519,1567920120.html",东方财富,1,2025-07-06 01:19:16
600519,1397可买了,千里眼5110700,07-05 03:37,150,0,"http://guba.eastmoney.com/news,600519,1567919501.html",东方财富,1,2025-07-06 01:19:16
600519,茅台喝的是人的尊贵，将进酒3284.85~3754.11（保留两位），快哉！,佛山姜晓,07-05 03:32,207,0,"http://guba.eastmoney.com/news,600519,1567919298.html",东方财富,1,2025-07-06 01:19:16
600519,**********【重磅研究】AI+诞生大牛股，酿酒牛已结束！【牛股追击】底部,价值成长668,07-05 06:27,168,1,"http://guba.eastmoney.com/news,600519,1567886911.html",东方财富,1,2025-07-06 01:19:16
600519,早上的集合竞价挂单，能在有限时间内做出最优决策,周密的雷皓轩,07-05 03:04,162,0,"http://guba.eastmoney.com/news,600519,1567917799.html",东方财富,1,2025-07-06 01:19:16
600519,酒是一级致癌物，茅台更是百姓的远离物，茅台有啥营养？酒精加水而已，不喝酒会更健康,兴奋的游翔云1,06-23 09:51,138,3,"http://guba.eastmoney.com/news,600519,1562944279.html",东方财富,1,2025-07-06 01:19:16
600519,茅台的合理估值高达600元，算好的了……,搞搞窝窝谈利,07-05 02:24,180,2,"http://guba.eastmoney.com/news,600519,1567915968.html",东方财富,1,2025-07-06 01:19:16
600519,只能给予10倍估值，还有30%的下跌空间,最爱美女A,07-05 02:37,175,1,"http://guba.eastmoney.com/news,600519,1567916482.html",东方财富,1,2025-07-06 01:19:16
600519,能买茅台的都是中产,明亮的眼盯着你,07-05 02:47,166,0,"http://guba.eastmoney.com/news,600519,1567916931.html",东方财富,1,2025-07-06 01:19:16
600519,大盘涨的时候你不涨，大盘要大跌了，我看你怎么办？,金玉十满堂,07-05 12:46,182,1,"http://guba.eastmoney.com/news,600519,1567910979.html",东方财富,1,2025-07-06 01:19:16
600519,大家看看逻辑对不对，周末热点，7月科技主线领涨股，华为与苹果折叠屏抢夺eSIM卡,热泪盈眶坚持做多,07-05 02:04,191,0,"http://guba.eastmoney.com/news,600519,1567914935.html",东方财富,1,2025-07-06 01:19:16
600519,业绩看，只要稳定收益就不增长了也知道500元1000，合理价值，高于1000就拉,见性如来,07-05 01:44,189,0,"http://guba.eastmoney.com/news,600519,1567913850.html",东方财富,1,2025-07-06 01:19:16
600519,喝茅台看苏超经济新引擎吃蛋糕庆贺喝茅台功劳苏超赞助商元祖在江苏有很多门店上图20,马宇萱8,07-05 11:16,234,2,"http://guba.eastmoney.com/news,600519,1567905875.html",东方财富,1,2025-07-06 01:19:16
600519,段永平：我们拿着苹果拿着茅台这么多年，老是有人在旁边一直说：你好难啊！我难吗？！难在哪里了？什么事情比这个更容易呢？,峭缘书房,07-04 06:54,14875,78,http://caifuhao.eastmoney.com/news/20250704065441788697510,东方财富,1,2025-07-06 01:19:16
600519,现在产量一年一亿瓶，一个工业品，没有稀缺性，想扩产能还不简单，早晚也会产能过剩。,拾荒千万,07-05 09:16,397,5,"http://guba.eastmoney.com/news,600519,1567897455.html",东方财富,1,2025-07-06 01:19:16
600519,贵阳银行是贵州板块除了贵州茅台老大以外，业绩最好的上市公司，严重低估，市值翻倍以,粤粤ok,07-05 01:04,267,0,"http://guba.eastmoney.com/news,601997,1567911924.html",东方财富,1,2025-07-06 01:19:16
600519,300770,新媒股份300770,07-05 01:03,176,0,"http://guba.eastmoney.com/news,600519,1567911841.html",东方财富,1,2025-07-06 01:19:16
600519,1397,千里眼5110700,07-05 12:57,163,0,"http://guba.eastmoney.com/news,600519,1567911530.html",东方财富,1,2025-07-06 01:19:16
600519,国企，永续，高分红，估值低，四个标准，我觉得大差不差。有些人还幻想着手里的银行涨,酱香科技,07-03 12:11,2855,50,http://caifuhao.eastmoney.com/news/20250703121110225764690,东方财富,1,2025-07-06 01:19:16
600519,林园不灵了？,大财可富司机,07-03 04:15,1569,4,http://caifuhao.eastmoney.com/news/20250703161518574242690,东方财富,1,2025-07-06 01:19:16
600519,价格会迅速反抽，把20日线带到60日线上方，维持上升趋势不变。,账户已注销,07-05 12:45,169,0,"http://guba.eastmoney.com/news,600519,1567910951.html",东方财富,1,2025-07-06 01:19:16
600519,林园：投资的本质是买赚钱机器，印钞机一样的企业,峭缘书房,06-22 08:28,1670,18,http://caifuhao.eastmoney.com/news/20250622202844686281760,东方财富,1,2025-07-06 01:19:16
600519,当年有人说茅台不套人,牛气冲天3099,06-27 09:53,474,1,"http://guba.eastmoney.com/news,600519,1565300560.html",东方财富,1,2025-07-06 01:19:16
600519,这波上涨1670左右,xwderens,07-04 10:30,412,2,"http://guba.eastmoney.com/news,600519,1567872741.html",东方财富,1,2025-07-06 01:19:16
600519,一瓶茅台酒到底卖多少钱？,玲珑剔透的尹啸珏,07-05 12:12,613,0,"http://guba.eastmoney.com/news,600519,1567909137.html",东方财富,1,2025-07-06 01:19:16
600519,完美踏空,牛年牛市吗,07-04 01:26,392,5,"http://guba.eastmoney.com/news,600519,1567677433.html",东方财富,1,2025-07-06 01:19:16
600519,行业下行，都会收到影响,活泼俏皮的梅佳玉,07-05 11:57,162,0,"http://guba.eastmoney.com/news,600519,1567908243.html",东方财富,1,2025-07-06 01:19:16
600519,唱空茅台基本面的网友价值投资水平极低，我就不一一回复、反驳。还是多看、探讨技术面,优质选势量形验证,07-05 11:34,231,1,"http://guba.eastmoney.com/news,600519,1567906903.html",东方财富,1,2025-07-06 01:19:16
600519,可口可乐的股价曾经都跌过10年，茅台跌个10年又有什么稀奇的？？,股友18176yN512,07-05 05:05,191,1,"http://guba.eastmoney.com/news,600519,1567885330.html",东方财富,1,2025-07-06 01:19:16
600519,是[呲牙],优质选势量形验证,07-05 11:29,232,0,"http://guba.eastmoney.com/news,600519,1567906690.html",东方财富,1,2025-07-06 01:19:16
600519,美股:历史新高!A股:情绪、龙头、中军、后排、启动、确认、加速、分岐、一致、卡位,高礼远山,07-05 11:16,77,0,http://caifuhao.eastmoney.com/news/20250705111640496184560,东方财富,1,2025-07-06 01:19:16
600519,这酒类是真的凉了，去年炒的低空+机器人后来玩的半导体\算力\CPO\PCB，玩完,风影乱飘,07-04 10:19,992,7,"http://guba.eastmoney.com/news,600519,1567871502.html",东方财富,1,2025-07-06 01:19:16
600519,本轮茅台创阶段性新低，股价运行了15个交易日，也就是三周，总体振荡向上，本周五收,优质选势量形验证,07-05 06:26,850,5,"http://guba.eastmoney.com/news,600519,1567886895.html",东方财富,2,2025-07-06 01:19:17
600519,贵州茅台:贵州茅台关于回购股份实施进展的公告,贵州茅台资讯,07-02 05:16,425,23,"http://guba.eastmoney.com/news,600519,1566818947.html",东方财富,2,2025-07-06 01:19:17
600519,今天要是能站上20日均线（1417）以上收盘，那就符合预期,龙先生999,07-03 10:04,442,32,"http://guba.eastmoney.com/news,600519,1567006936.html",东方财富,2,2025-07-06 01:19:17
600519,还预约不1499,股友9rTt7x,07-05 10:14,164,0,"http://guba.eastmoney.com/news,600519,1567901432.html",东方财富,2,2025-07-06 01:19:17
600519,惊爆！这些行业回款速度竟差100倍！,扫地僧司马懿,07-05 09:51,973,1,http://caifuhao.eastmoney.com/news/20250705095151061770130,东方财富,2,2025-07-06 01:19:17
600519,茅台本就是给大机构，豪门长线准备的，小散们配不了茅台的。左侧交易也不是小散该有的,有福同享的抄底,07-05 09:53,176,1,"http://guba.eastmoney.com/news,600519,1567899956.html",东方财富,2,2025-07-06 01:19:17
600519,现在的江西铜业肯定比白酒更具价值投资。,悟空道人,07-04 10:02,359,1,"http://guba.eastmoney.com/news,600362,1567869414.html",东方财富,2,2025-07-06 01:19:17
600519,第一次买茅台是26左右，第二次买茅台是一百二十左右，网上能找到俺的发帖。现在开启,有福同享的抄底,07-03 10:59,281,11,"http://guba.eastmoney.com/news,600519,1567082227.html",东方财富,2,2025-07-06 01:19:17
600519,贵州茅台：对原产于欧盟的白兰地征收反倾销税对A股巿场的影响,eolon927,07-04 09:39,2346,7,http://caifuhao.eastmoney.com/news/20250704213904423973760,东方财富,2,2025-07-06 01:19:17
600519,我就是来吵这个重组的！怎么了？还能下来让我加昌？现在跟你明说了！万亿重组两大集团,光棍割,07-04 11:53,890,14,"http://guba.eastmoney.com/news,000065,1567629401.html",东方财富,2,2025-07-06 01:19:17
600519,科技公司被新科技打败很正常？这叫强基本面？[呲牙],优质选势量形验证,07-05 09:33,195,0,"http://guba.eastmoney.com/news,600519,1567898542.html",东方财富,2,2025-07-06 01:19:17
600519,贵州茅台经销商的谎言,z8f88,07-04 07:25,3301,23,http://caifuhao.eastmoney.com/news/20250704192552584346110,东方财富,2,2025-07-06 01:19:17
600519,茅台关注度高了！这是腥味。,优质选势量形验证,07-05 09:20,197,0,"http://guba.eastmoney.com/news,600519,1567897658.html",东方财富,2,2025-07-06 01:19:17
600519,抽烟、PC怎么解释？[呲牙],优质选势量形验证,07-05 09:10,210,0,"http://guba.eastmoney.com/news,600519,1567897006.html",东方财富,2,2025-07-06 01:19:17
600519,也有消费升级的情况。,优质选势量形验证,07-05 09:09,189,0,"http://guba.eastmoney.com/news,600519,1567896886.html",东方财富,2,2025-07-06 01:19:17
600519,贵州茅台正式见底，主力洗盘接近尾声，市净率已经处于19年水平，大盘均线多头发散，,账户已注销,07-04 10:42,682,4,"http://guba.eastmoney.com/news,600519,1567874399.html",东方财富,2,2025-07-06 01:19:17
600519,感觉很快就破1400元了，你们要加仓吗？,枭伍52,06-10 02:33,346,13,"http://guba.eastmoney.com/news,600519,1558615853.html",东方财富,2,2025-07-06 01:19:17
600519,你说的是茅台酒吗？[呲牙] //@优质选势量形验证 :本轮茅台创阶段性新低，股价,优质选势量形验证,07-05 09:01,218,0,"http://guba.eastmoney.com/news,600519,1567896214.html",东方财富,2,2025-07-06 01:19:17
600519,吸烟有害健康，犯法，但人性难改。,优质选势量形验证,07-05 09:00,195,0,"http://guba.eastmoney.com/news,600519,1567896164.html",东方财富,2,2025-07-06 01:19:17
600519,如果业绩不行了，最高就是400块净资产200元一倍，现在破净股太多了，给他600,见性如来,07-05 08:46,155,0,"http://guba.eastmoney.com/news,600519,1567894974.html",东方财富,2,2025-07-06 01:19:17
600519,搞了0.6个点利润,宁波丁元英,07-05 08:24,153,0,"http://guba.eastmoney.com/news,600519,1567893062.html",东方财富,2,2025-07-06 01:19:17
600519,茅台降低出厂价近在眼前。有人说飞天茅台的批价虽大跌但仍远高于出厂价，不会影响茅台,敏捷的卢程泽,07-05 08:10,197,0,"http://guba.eastmoney.com/news,600519,1567892091.html",东方财富,2,2025-07-06 01:19:17
600519,中信建投：茅台批价有望回升，珍视白酒底部机会,贵州茅台资讯,07-04 09:15,2469,25,"http://guba.eastmoney.com/news,600519,1567413088.html",东方财富,2,2025-07-06 01:19:17
600519,贵州茅台：融资净偿还5423.83万元，融资余额160.28亿元（07-04）,贵州茅台资讯,07-05 07:56,66,0,"http://guba.eastmoney.com/news,600519,1567891380.html",东方财富,2,2025-07-06 01:19:17
600519,25年飞天茅台散瓶批价报1855元/瓶 较前一日回升25元,贵州茅台资讯,07-02 10:26,3322,43,"http://guba.eastmoney.com/news,600519,1566548100.html",东方财富,2,2025-07-06 01:19:17
600519,佳通大股东其人其事,股友3t619H5561,07-04 01:33,380,1,"http://guba.eastmoney.com/news,600519,1567685305.html",东方财富,2,2025-07-06 01:19:17
600519,在烈性酒里，茅台销量不是最大的，但市值长期称霸世界，存在即合理。,优质选势量形验证,07-05 07:03,253,0,"http://guba.eastmoney.com/news,600519,1567887933.html",东方财富,2,2025-07-06 01:19:17
600519,茅台迟早会跌落神坛～因为喝它的老头越来越少了，年轻人都喝葡萄酒和饮料,长线大金王7815,07-04 11:53,233,2,"http://guba.eastmoney.com/news,600519,1567880188.html",东方财富,2,2025-07-06 01:19:17
600519,茅台酒肯定是好酒，是一口一口喝出来的，手中有钱的话白酒里当然是喝茅台！茅台酒有收,优质选势量形验证,07-05 06:59,257,0,"http://guba.eastmoney.com/news,600519,1567887771.html",东方财富,2,2025-07-06 01:19:17
600519,当初茅台股份200之后跌破30。之后2800可能要跌破300。,菠萝包冇菠萝,07-05 05:40,179,1,"http://guba.eastmoney.com/news,600519,1567885926.html",东方财富,2,2025-07-06 01:19:17
600519,价值投资不参与缩量市场谁说的？？现实又打脸不提了？,十年千倍,07-05 06:57,148,0,"http://guba.eastmoney.com/news,600519,1567887711.html",东方财富,2,2025-07-06 01:19:17
600519,还要等至少六七年，股价应该在600左右，可以慢慢买入,股友zi6vgj,07-04 05:19,175,8,"http://guba.eastmoney.com/news,600519,1567823550.html",东方财富,2,2025-07-06 01:19:17
600519,至少还要跌一半。2025.7.4日，立贴为证。,军机处胡一刀,07-04 01:50,141,2,"http://guba.eastmoney.com/news,600519,1567384763.html",东方财富,2,2025-07-06 01:19:17
600519,尚界要来了：小米未来已经兑现，可以跑了，等未来业绩再决定是否介入；上汽开启未来兑,iSnowballr,07-04 12:30,275,3,"http://guba.eastmoney.com/news,600519,1567638508.html",东方财富,2,2025-07-06 01:19:17
600519,实体百姓店铺，和中间商，经销商都是你们茅台的韭菜，你们和电商合作就好，最好双11,气宇轩昂的魏小达,07-05 01:51,207,0,"http://guba.eastmoney.com/news,600519,1567883644.html",东方财富,2,2025-07-06 01:19:17
600519,目前对茅台投资价值的分析都是基于过去20年的数据，但这只是刻舟求剑式的一厢情愿。,敏捷的卢程泽,07-04 04:45,1398,26,"http://guba.eastmoney.com/news,600519,1567816215.html",东方财富,2,2025-07-06 01:19:17
600519,网上有个唱空茅台的用法国的葡萄酒、日本清酒的衰落来比拟茅台。这个类比不合适，要比,优质选势量形验证,07-04 10:11,281,2,"http://guba.eastmoney.com/news,600519,1567870465.html",东方财富,2,2025-07-06 01:19:17
600519,快跑，下跌中继,九紫玄月是,07-04 10:33,216,1,"http://guba.eastmoney.com/news,600519,1567873116.html",东方财富,2,2025-07-06 01:19:17
600519,实话实说，茅台最多就值80元每瓶，这还是给的溢价…,漂亮的小女孩,07-04 08:21,198,2,"http://guba.eastmoney.com/news,600519,1567854869.html",东方财富,2,2025-07-06 01:19:17
600519,这个是畸形的，哪个国的股市，酒厂会这么高市值，这东西更本与科技和技术没一毛关系，,股友675ya77230,07-04 10:31,221,0,"http://guba.eastmoney.com/news,600519,1567872891.html",东方财富,2,2025-07-06 01:19:17
600519,这句话含金量谁懂，产品自己认可消费者才会认可；至于今天下跌，米元7月份不降息影响,点石成金的鹰,07-04 05:05,1211,6,"http://guba.eastmoney.com/news,600381,1567820560.html",东方财富,2,2025-07-06 01:19:17
600519,下周能到1450吗，之前融资被套的，利息撑不住了,洒脱随性的庄婕,07-04 09:03,267,3,"http://guba.eastmoney.com/news,600519,1567861562.html",东方财富,2,2025-07-06 01:19:17
600519,一天天的减价，告诉我哪里买的到？,勤俭节约的石榴,07-04 09:51,214,0,"http://guba.eastmoney.com/news,600519,1567868091.html",东方财富,2,2025-07-06 01:19:17
600519,乱拉指数必有妖，果然彩蛋来了。华电新能7月7日180亿今年百亿以上第一波来了，接,高礼远山,07-04 09:24,344,0,"http://guba.eastmoney.com/news,600519,1567864720.html",东方财富,2,2025-07-06 01:19:17
600519,今天4120家下跌，大盘收红，最高冲击3497.22点，收盘涨幅0.32%，很明,操盘必读,07-04 08:49,408,0,"http://guba.eastmoney.com/news,zssh000001,1567859529.html",东方财富,2,2025-07-06 01:19:17
600519,大盘3500，个股全线跌破1600，很神奇吧。。我们的年中总结，基本有关人士都认,股友8377C726D7,07-04 08:48,214,0,"http://guba.eastmoney.com/news,600519,1567859274.html",东方财富,2,2025-07-06 01:19:17
600519,年轻人下馆子不不不不不不不不不喝白白白酒，喝饮料饮料饮料,王普川永远的神,07-04 06:07,634,3,"http://guba.eastmoney.com/news,600519,1567833000.html",东方财富,2,2025-07-06 01:19:17
600519,白酒一哥，稀缺性未改，禁酒令砸出黄金坑,爱投机的小鱼干,07-04 07:22,253,1,http://caifuhao.eastmoney.com/news/20250704192257235357500,东方财富,2,2025-07-06 01:19:17
600519,这货40块钱都是高估,招财人生,07-04 08:16,155,0,"http://guba.eastmoney.com/news,600519,1567854185.html",东方财富,2,2025-07-06 01:19:17
600519,贵州茅台看好不买一直涨，追涨买后变熊样。气愤不过又卖掉，卖后立即又大涨。二选一，,芜湖帅哥,07-04 07:49,187,0,"http://guba.eastmoney.com/news,600519,1567850090.html",东方财富,2,2025-07-06 01:19:17
600519,收了个四连号，主力控盘,股友510973WH16,07-04 05:23,137,1,"http://guba.eastmoney.com/news,600519,1567824512.html",东方财富,2,2025-07-06 01:19:17
600519,中信建投：关注茅台批价企稳，珍视白酒底部机会,贵州茅台资讯,07-04 09:46,1215,12,"http://guba.eastmoney.com/news,600519,1567466191.html",东方财富,2,2025-07-06 01:19:17
600519,$贵州茅台(SH600519)$,股友98rM658686,07-04 06:22,119,0,"http://guba.eastmoney.com/news,600519,1567835955.html",东方财富,2,2025-07-06 01:19:17
600519,茅台酒都跌成什么鬼样子了，股价还在这儿硬撑着干嘛呢,股友789a652u22,07-04 06:13,131,0,"http://guba.eastmoney.com/news,600519,1567834145.html",东方财富,2,2025-07-06 01:19:17
600519,太高了，800可以入。再跌几年吧！,麦田01,07-04 04:45,128,2,"http://guba.eastmoney.com/news,600519,1567816202.html",东方财富,2,2025-07-06 01:19:17
600519,跌破1400,阿龙红,07-04 06:06,118,0,"http://guba.eastmoney.com/news,600519,1567832837.html",东方财富,2,2025-07-06 01:19:17
600519,$贵州茅台(SH600519)$,股友98rM658686,07-04 06:02,121,0,"http://guba.eastmoney.com/news,600519,1567832206.html",东方财富,2,2025-07-06 01:19:17
600519,1422.22一生一世爱你可以这个精准数字。,基民AQpPqM,07-04 05:37,125,0,"http://guba.eastmoney.com/news,600519,1567827249.html",东方财富,2,2025-07-06 01:19:17
600519,深沪北百元股数量达89只，电子行业占比最高,联合化学资讯,07-04 05:22,796,2,"http://guba.eastmoney.com/news,301209,1567824186.html",东方财富,2,2025-07-06 01:19:17
600519,耐心等跌到200元以下,等待趋势确认执行,07-04 04:59,120,0,"http://guba.eastmoney.com/news,600519,1567819298.html",东方财富,2,2025-07-06 01:19:17
600519,绩优股的核心特征,盘股经,07-04 04:53,275,0,http://caifuhao.eastmoney.com/news/20250704165340963913900,东方财富,2,2025-07-06 01:19:17
600519,博傻好玩吧。,不合的巧秀曼2,07-04 04:53,117,0,"http://guba.eastmoney.com/news,600519,1567817869.html",东方财富,2,2025-07-06 01:19:17
600519,全国占比0.6%的茅台酒仍有巨大增长前景,JX老吉,07-03 08:49,182,13,"http://guba.eastmoney.com/news,600519,1566912570.html",东方财富,2,2025-07-06 01:19:17
600519,当年不知酒精狂豪饮同销万股愁良马千金换茅台酒醉久愁愁更愁,股友939756kk28,07-04 04:43,122,0,"http://guba.eastmoney.com/news,600519,1567815615.html",东方财富,2,2025-07-06 01:19:17
600519,白酒板块午盘下跌 贵州茅台收涨0.28%,贵州茅台资讯,07-04 12:08,1737,10,"http://guba.eastmoney.com/news,600519,1567633680.html",东方财富,2,2025-07-06 01:19:17
600519,我就看不惯有的人。自己只配喝姜小白和5块的水啤酒。还去评论人家说什么茅台跌到80,股友Y82513k921,07-01 08:29,4312,221,http://caifuhao.eastmoney.com/news/20250701202948541623750,东方财富,2,2025-07-06 01:19:17
600519,扶不上去的,请问你在风口吗,07-04 04:35,115,0,"http://guba.eastmoney.com/news,600519,1567813826.html",东方财富,2,2025-07-06 01:19:17
600519,又冲进来不少韭菜,苦命人吃干净再走,07-04 04:27,322,0,"http://guba.eastmoney.com/news,600519,1567811844.html",东方财富,2,2025-07-06 01:19:17
600519,悬崖边的贵州茅台，段永平意欲何为,语润梧桐,07-02 10:02,17194,93,http://caifuhao.eastmoney.com/news/20250702100200862276830,东方财富,2,2025-07-06 01:19:17
600519,要等白酒抽资炒银行的钱回流才有希望！,股友27P756Q606,07-04 03:58,117,0,"http://guba.eastmoney.com/news,600519,1567805234.html",东方财富,2,2025-07-06 01:19:17
600519,禁酒令发出后，破罐子破摔,空仓连道非,06-16 10:52,25536,174,http://caifuhao.eastmoney.com/news/20250616105208555500220,东方财富,2,2025-07-06 01:19:17
600519,每年中国消费欧洲白兰地的具体数量，可以通过以下海关统计数据和市场分析来了解相关情,高礼远山,07-04 03:38,378,0,http://caifuhao.eastmoney.com/news/20250704153842337899040,东方财富,2,2025-07-06 01:19:17
600519,砸的好,做好人买好股666,04-18 06:01,212,1,"http://guba.eastmoney.com/news,600519,1541438844.html",东方财富,2,2025-07-06 01:19:17
600519,科普：贵州茅台必将重复四川长虹走势最少下跌二十年,万山红实战,06-16 09:49,8463,149,"http://guba.eastmoney.com/news,600519,1560452911.html",东方财富,2,2025-07-06 01:19:17
600519,牛市号角吹响，上证指数剑指3500，酒ETF512690的成分股，茅台、五粮液、,是干嘛离开,07-04 03:18,131,0,"http://guba.eastmoney.com/news,600519,1567792474.html",东方财富,2,2025-07-06 01:19:17
600519,上午1420刚跑,牛年牛市吗,07-04 01:23,173,8,"http://guba.eastmoney.com/news,600519,1567673129.html",东方财富,2,2025-07-06 01:19:17
600519,要涨了吗？,哎呀168,07-04 03:11,105,0,"http://guba.eastmoney.com/news,600519,1567789619.html",东方财富,2,2025-07-06 01:19:17
600519,六十万股坚守茅台还是追创新药688068和603207呀？2.5亿人的福音,三凡诗和远方,07-04 02:12,148,1,"http://guba.eastmoney.com/news,600519,1567728894.html",东方财富,2,2025-07-06 01:19:17
600519,涨了150分钟，20分钟跌完，量化赚了就跑啊,市场先森,07-04 02:11,105,1,"http://guba.eastmoney.com/news,600519,1567727671.html",东方财富,2,2025-07-06 01:19:17
600519,毛子会破一千元吗？,大道无形我更行,07-04 02:28,121,3,"http://guba.eastmoney.com/news,600519,1567745545.html",东方财富,2,2025-07-06 01:19:17
600519,没量冲3500点不是想死每天1。5万亿不到的量现在还只1。3万亿了，但是现在,雨朦胧短线,07-04 02:59,94,0,http://caifuhao.eastmoney.com/news/20250704145917420931260,东方财富,3,2025-07-06 01:19:18
600519,中信建投：茅台批价有望回升,贵州茅台资讯,07-04 08:31,1573,16,"http://guba.eastmoney.com/news,600519,1567402634.html",东方财富,3,2025-07-06 01:19:18
600519,没有一天是下午不回落的,财运四海得周芷若,07-04 02:49,95,0,"http://guba.eastmoney.com/news,600519,1567769762.html",东方财富,3,2025-07-06 01:19:18
600519,琏升科技300051正在重组,扫描黑马,07-04 02:25,110,3,"http://guba.eastmoney.com/news,600519,1567742055.html",东方财富,3,2025-07-06 01:19:18
600519,大盘红个股跌，原来是你这货在拉，在作怪…………,股友pj1hyc,07-04 02:44,100,0,"http://guba.eastmoney.com/news,600519,1567763186.html",东方财富,3,2025-07-06 01:19:18
600519,早上涨算力电力，下午涨农业酒肉！下周继续关注：能源（锂电池、电力、石油）、农业、,股友Unz4Vm,07-04 10:45,100,2,"http://guba.eastmoney.com/news,600519,1567565910.html",东方财富,3,2025-07-06 01:19:18
600519,尾盘还能不能继续？靠你大哥了,谨慎出击,07-04 01:40,234,4,"http://guba.eastmoney.com/news,600519,1567693496.html",东方财富,3,2025-07-06 01:19:18
600519,不是主线没用啊,从今我叫牛AC,07-04 01:52,105,3,"http://guba.eastmoney.com/news,600519,1567706916.html",东方财富,3,2025-07-06 01:19:18
600519,茅台酒喝着，吉利、特斯拉等国内外头部品牌合作共赢的长信科技，会不会是第二只茅台高价股走势？,红土地5968,07-04 07:57,148,2,http://caifuhao.eastmoney.com/news/20250704075749809766250,东方财富,3,2025-07-06 01:19:18
600519,站稳20线，下周金叉继续冲。,牛气冲天股小神,07-04 02:27,100,0,"http://guba.eastmoney.com/news,600519,1567744453.html",东方财富,3,2025-07-06 01:19:18
600519,渣男本色。,长线攒钱,07-04 02:25,91,0,"http://guba.eastmoney.com/news,600519,1567742247.html",东方财富,3,2025-07-06 01:19:18
600519,连跌6年的大盘股，好房子能否救起巨无霸,华尔街豺狼,06-23 04:39,1388,9,http://caifuhao.eastmoney.com/news/20250623163952072655320,东方财富,3,2025-07-06 01:19:18
600519,买,好嗨巴巴财神附体,07-04 02:22,83,0,"http://guba.eastmoney.com/news,600519,1567739382.html",东方财富,3,2025-07-06 01:19:18
600519,茅台集团将接受贵州省委巡视,贵州茅台资讯,07-03 10:16,2490,7,"http://guba.eastmoney.com/news,600519,1567365418.html",东方财富,3,2025-07-06 01:19:18
600519,脸大盘都跑不过，也不知道怎么回事，不是阴跌，就是冲高回落。,股友sSsvdd3188,07-04 01:47,99,1,"http://guba.eastmoney.com/news,600519,1567701534.html",东方财富,3,2025-07-06 01:19:18
600519,下来吧，别装了~,市场先森,07-04 01:39,100,1,"http://guba.eastmoney.com/news,600519,1567692922.html",东方财富,3,2025-07-06 01:19:18
600519,白酒有一种酶，可以促进肝硬化,大吉满腹de雅筑,07-04 02:12,97,0,"http://guba.eastmoney.com/news,600519,1567728749.html",东方财富,3,2025-07-06 01:19:18
600519,很难涨上去了，拉高-出货-跳水,股友159129V2w9,07-04 02:01,107,1,"http://guba.eastmoney.com/news,600519,1567716318.html",东方财富,3,2025-07-06 01:19:18
600519,这就怂了啊,心学缠非禅,07-04 02:10,90,0,"http://guba.eastmoney.com/news,600519,1567726682.html",东方财富,3,2025-07-06 01:19:18
600519,琏升科技300051超级特大利好突袭，不排除至少翻番涨5倍以上,扫描黑马,07-04 01:47,96,1,"http://guba.eastmoney.com/news,600519,1567701883.html",东方财富,3,2025-07-06 01:19:18
600519,给我跌停,牛市8888999,07-04 02:04,90,0,"http://guba.eastmoney.com/news,600519,1567719812.html",东方财富,3,2025-07-06 01:19:18
600519,纸上富贵,财神到88888天,07-04 01:53,98,0,"http://guba.eastmoney.com/news,600519,1567708331.html",东方财富,3,2025-07-06 01:19:18
600519,$贵州茅台(SH600519)$,招财人生,07-04 01:45,201,1,"http://guba.eastmoney.com/news,600519,1567698859.html",东方财富,3,2025-07-06 01:19:18
600519,要涨咯，但买不起,股友v29C086712,07-04 01:49,99,0,"http://guba.eastmoney.com/news,600519,1567703291.html",东方财富,3,2025-07-06 01:19:18
600519,A股股票回购一览：73家公司披露回购进展,贵州茅台资讯,07-03 10:12,1555,2,"http://guba.eastmoney.com/news,600519,1567019096.html",东方财富,3,2025-07-06 01:19:18
600519,茅台有一波反弹,甜美的曹梦香,07-04 01:27,100,1,"http://guba.eastmoney.com/news,600519,1567677816.html",东方财富,3,2025-07-06 01:19:18
600519,你们怕什么，有点意思,温婉可人的大道,07-04 01:25,102,1,"http://guba.eastmoney.com/news,600519,1567676309.html",东方财富,3,2025-07-06 01:19:18
600519,茅台就是一个经销商囤货低收高卖的一个产品而已。他并不是奢侈品。卖着奢侈品的价格。,老唐菜的扣脚,07-03 10:18,382,10,http://caifuhao.eastmoney.com/news/20250703101852226621970,东方财富,3,2025-07-06 01:19:18
600519,昨天去山姆实体店看了一下茅台的价格，发现两个的事情：,股友HK60828,07-03 07:25,25902,72,http://caifuhao.eastmoney.com/news/20250703072544044459350,东方财富,3,2025-07-06 01:19:18
600519,满仓纳斯达克的我，真的非常羡慕你们,万事富贵的郭大路,07-04 01:37,94,0,"http://guba.eastmoney.com/news,600519,1567689882.html",东方财富,3,2025-07-06 01:19:18
600519,上海再造“国际购物天堂”：离境退税新政引爆千亿消费回流，三条主线掘金龙头标的,高礼远山,07-04 09:43,551,5,http://caifuhao.eastmoney.com/news/20250704094306800929470,东方财富,3,2025-07-06 01:19:18
600519,白酒的利好来了，茅台作为龙头老大该大涨了！,股友1RJfSw,07-04 01:21,1070,3,"http://guba.eastmoney.com/news,002173,1567670223.html",东方财富,3,2025-07-06 01:19:18
600519,股吧里哪些啥也不懂，只会幸灾乐祸的小散都不见了。,细心的易凌12,07-04 01:32,91,0,"http://guba.eastmoney.com/news,600519,1567683868.html",东方财富,3,2025-07-06 01:19:18
600519,800不是底，消费观念改变了不是一时半会能扭转过来的。茅台中间商以及民间不知囤积,稻花香里说丰年76,07-04 07:22,902,28,"http://guba.eastmoney.com/news,600519,1567394331.html",东方财富,3,2025-07-06 01:19:18
600519,大盘2600点的时候，茅台1600左右，现在大盘3400点，茅台1400,马上销户了,07-04 12:48,112,2,"http://guba.eastmoney.com/news,600519,1567642245.html",东方财富,3,2025-07-06 01:19:18
600519,什么情况,一份耕耘一分收获,07-04 01:15,105,2,"http://guba.eastmoney.com/news,600519,1567662885.html",东方财富,3,2025-07-06 01:19:18
600519,终于小反弹一下，慢慢的后续就变成反转了,心学缠非禅,07-04 01:22,90,0,"http://guba.eastmoney.com/news,600519,1567671446.html",东方财富,3,2025-07-06 01:19:18
600519,再见，落袋为安,精准捉妖,07-04 01:17,297,0,"http://guba.eastmoney.com/news,600519,1567665078.html",东方财富,3,2025-07-06 01:19:18
600519,1410徘徊了好久没下去，果断进来,赚点零花钱洼,07-04 01:13,224,0,"http://guba.eastmoney.com/news,600519,1567660487.html",东方财富,3,2025-07-06 01:19:18
600519,汇洁股/份,股友3829白龙王,07-04 01:11,89,0,"http://guba.eastmoney.com/news,600519,1567657881.html",东方财富,3,2025-07-06 01:19:18
600519,几次都没跌破1400，证明有强支撑，有戏,赚点零花钱洼,07-04 12:34,114,2,"http://guba.eastmoney.com/news,600519,1567639478.html",东方财富,3,2025-07-06 01:19:18
600519,大金融，大科技，大消费即将引领牛市行情全面爆发！现在等待的就是白酒的筑底成功！,提前埋伏强势股,06-30 10:10,2635,27,http://caifuhao.eastmoney.com/news/20250630221044348619750,东方财富,3,2025-07-06 01:19:18
600519,茅台估计5年不能解套,韭菜头子888,07-04 12:57,99,0,"http://guba.eastmoney.com/news,600519,1567644055.html",东方财富,3,2025-07-06 01:19:18
600519,织布机一样,肖泰成,07-04 12:56,90,0,"http://guba.eastmoney.com/news,600519,1567643716.html",东方财富,3,2025-07-06 01:19:18
600519,茅台连跌5年了，那也可以再跌5年，因为估值高嘛。空头连续两周都在攻击1400点，,市场先森,07-04 10:25,103,1,"http://guba.eastmoney.com/news,600519,1567538359.html",东方财富,3,2025-07-06 01:19:18
600519,从60元来，最终会跌回60元去，迟早而已……,聪明的韭菜,07-04 09:54,74,2,"http://guba.eastmoney.com/news,600519,1567483927.html",东方财富,3,2025-07-06 01:19:18
600519,酒ETF512690最近一直在横盘震荡，这几天市场也没啥大动静。不过白酒板块一直,最大港口建设的吧,07-04 12:44,94,0,"http://guba.eastmoney.com/news,600519,1567641449.html",东方财富,3,2025-07-06 01:19:18
600519,你们在怕什么呢？,美团送外卖,07-04 11:13,102,1,"http://guba.eastmoney.com/news,600519,1567600817.html",东方财富,3,2025-07-06 01:19:18
600519,碎银买酒喝酒精换银钱醉眼看行情大不如从前,股友939756kk28,07-04 12:23,90,0,"http://guba.eastmoney.com/news,600519,1567637168.html",东方财富,3,2025-07-06 01:19:18
600519,太刻意的 低点1400,波板牛皮糖一世,07-04 12:31,235,0,"http://guba.eastmoney.com/news,600519,1567638806.html",东方财富,3,2025-07-06 01:19:18
600519,碎银买酒喝酒精换银钱醉眼看行情太不如从前,股友939756kk28,07-04 12:27,96,0,"http://guba.eastmoney.com/news,600519,1567638013.html",东方财富,3,2025-07-06 01:19:18
600519,400209新海宜公司的股东大会决议公告还没有出来就可以开盘了？,无欲则刚1999,07-04 12:04,88,0,"http://guba.eastmoney.com/news,600519,1567632659.html",东方财富,3,2025-07-06 01:19:18
600519,半年报开始，你需要了解的一些金融小知识,琳子话,06-30 03:49,32660,13,http://caifuhao.eastmoney.com/news/20250630154953872195170,东方财富,3,2025-07-06 01:19:18
600519,酒价见底才能企稳吧,风来抱住,07-04 11:52,94,0,"http://guba.eastmoney.com/news,600519,1567628996.html",东方财富,3,2025-07-06 01:19:18
600519,板块跟着酒鬼酒在动,虚度光阴的海绵,07-04 11:30,99,1,"http://guba.eastmoney.com/news,600519,1567619155.html",东方财富,3,2025-07-06 01:19:18
600519,动态市盈率不到17倍了，价值投资者的千载难逢机会！,大道无形我更行,07-04 11:03,108,1,"http://guba.eastmoney.com/news,600519,1567589136.html",东方财富,3,2025-07-06 01:19:18
600519,小米一个塑料纸巾盒就能卖169元，上线1分钟被秒光！1499的茅台还需要操心么？,市场先森,07-04 11:37,99,0,"http://guba.eastmoney.com/news,600519,1567623105.html",东方财富,3,2025-07-06 01:19:18
600519,乖乖地龙冲,韭菜给别人养爸妈,07-04 11:37,94,0,"http://guba.eastmoney.com/news,600519,1567623086.html",东方财富,3,2025-07-06 01:19:18
600519,现在买入，十年后你会为你做出的决定骄傲,想说会炒股不容易,07-04 10:58,204,5,"http://guba.eastmoney.com/news,600519,1567581855.html",东方财富,3,2025-07-06 01:19:18
600519,均线交汇处，努力做出向上生长的样子，,箭在弦4524941,07-04 11:27,92,0,"http://guba.eastmoney.com/news,600519,1567616061.html",东方财富,3,2025-07-06 01:19:18
600519,一会没看，又逆长了,巴菲特小白期,07-04 11:22,94,0,"http://guba.eastmoney.com/news,600519,1567611656.html",东方财富,3,2025-07-06 01:19:18
600519,股息率3.6%货币基金1.2%~1.5%我下一步降息还会跌，一手茅台14万，一年,fooolish,07-04 11:06,137,1,"http://guba.eastmoney.com/news,600519,1567592089.html",东方财富,3,2025-07-06 01:19:18
600519,有几个散户买得起茅台？买一手的也是中户[呲牙],优质选势量形验证,07-04 10:52,111,2,"http://guba.eastmoney.com/news,600519,1567574574.html",东方财富,3,2025-07-06 01:19:18
600519,今天股吧里空头少了许多,细心的易凌12,07-04 11:04,93,0,"http://guba.eastmoney.com/news,600519,1567590440.html",东方财富,3,2025-07-06 01:19:18
600519,茅台加油啊，白酒没有带头大哥不行啊,重组就是个童话,07-04 10:57,92,0,"http://guba.eastmoney.com/news,600519,1567580882.html",东方财富,3,2025-07-06 01:19:18
600519,1411抄底咯,宁波丁元英,07-04 10:57,88,0,"http://guba.eastmoney.com/news,600519,1567580345.html",东方财富,3,2025-07-06 01:19:18
600519,Kdj已金叉，今天站上二十日均线，连续两个低9已出现。,优质选势量形验证,07-04 10:55,94,0,"http://guba.eastmoney.com/news,600519,1567578552.html",东方财富,3,2025-07-06 01:19:18
600519,银行股集体冲9倍PE，再创历史新高！,市场先森,07-04 10:45,95,0,"http://guba.eastmoney.com/news,600519,1567565100.html",东方财富,3,2025-07-06 01:19:18
600519,现在是买入最佳时机,想说会炒股不容易,07-04 10:44,99,0,"http://guba.eastmoney.com/news,600519,1567564417.html",东方财富,3,2025-07-06 01:19:18
600519,每一次反弹都是减仓的机会！,股友y2819w9018,07-04 10:43,92,0,"http://guba.eastmoney.com/news,600519,1567562026.html",东方财富,3,2025-07-06 01:19:18
600519,最低都要14万,小桃兔兔草,07-04 09:58,84,1,"http://guba.eastmoney.com/news,600519,1567491338.html",东方财富,3,2025-07-06 01:19:18
600519,茅台股票走下神坛的根本原因是：钟摆早就过了赢亏分界点。,玲珑剔透的尹啸珏,07-04 10:41,1234,0,"http://guba.eastmoney.com/news,600519,1567559880.html",东方财富,3,2025-07-06 01:19:18
600519,白酒的利好来了，茅台作为龙头老大该大涨了！,股友1RJfSw,07-04 10:41,288,0,"http://guba.eastmoney.com/news,603716,1567559388.html",东方财富,3,2025-07-06 01:19:18
600519,白酒的利好来了，茅台作为龙头老大该大涨了！,股友1RJfSw,07-04 10:40,254,0,"http://guba.eastmoney.com/news,600744,1567559147.html",东方财富,3,2025-07-06 01:19:18
600519,mgb拉狗毛,财神到88888天,07-04 10:40,91,0,"http://guba.eastmoney.com/news,600519,1567559040.html",东方财富,3,2025-07-06 01:19:18
600519,白酒的利好来了，茅台作为龙头老大该大涨了！,股友1RJfSw,07-04 10:40,114,0,"http://guba.eastmoney.com/news,600519,1567558470.html",东方财富,3,2025-07-06 01:19:18
600519,翻红，马上翻红！就等着白酒的半年报，茅台起飞吧,广东陈年老韭,07-04 10:38,94,0,"http://guba.eastmoney.com/news,600519,1567555936.html",东方财富,3,2025-07-06 01:19:18
600519,1L飞天茅台价格倒挂 ，3799元/瓶显示售罄,贵州茅台资讯,07-01 03:21,4523,42,"http://guba.eastmoney.com/news,600519,1566294095.html",东方财富,3,2025-07-06 01:19:18
600519,感觉可以早上卖，然后再低点接回来，这么多天都是这么个节奏！,心学缠非禅,07-04 10:33,96,0,"http://guba.eastmoney.com/news,600519,1567549912.html",东方财富,3,2025-07-06 01:19:18
600519,$贵州茅台(SH600519)$,盆满富贵de尔泰,07-04 10:32,86,0,"http://guba.eastmoney.com/news,600519,1567547944.html",东方财富,3,2025-07-06 01:19:18
