stock_code,title,author,time,parsed_time,read_count,reply_count,url,source,page,crawl_time
300474,苟看了都摇头的票,坚定的韭菜一枚,07-05 11:26,2025-07-05 11:26:00,45,0,"http://guba.eastmoney.com/news,300474,1567941613.html",东方财富,1,2025-07-06 02:02:55
300474,这个公司所有产品都尚存在不确定性，暂不会对公司业绩造成重大影响。,股友35q9139Z89,07-05 05:00,2025-07-05 05:00:00,408,1,"http://guba.eastmoney.com/news,300474,1567923991.html",东方财富,1,2025-07-06 02:02:55
300474,预估下周进入主升浪,刚入市的新韭菜,07-05 08:26,2025-07-05 08:26:00,235,6,http://caifuhao.eastmoney.com/news/20250705202608998860590,东方财富,1,2025-07-06 02:02:55
300474,74没走肠子悔青了,股友8320H9Q097,07-04 06:21,2025-07-04 06:21:00,391,10,"http://guba.eastmoney.com/news,300474,1567835873.html",东方财富,1,2025-07-06 02:02:55
300474,GPU（传统图形处理器）专为图形渲染、游戏画面生成等。而GPGPU（通用计算模式,景嘉微股友,07-04 08:45,2025-07-04 08:45:00,729,3,"http://guba.eastmoney.com/news,300474,1567865708.html",东方财富,1,2025-07-06 02:02:55
300474,KIMI，请问景嘉微有没有退市的风险？它合理的股价应该是多少？根据最新的信息，景,股友547zNU,07-05 05:29,2025-07-05 05:29:00,308,1,http://caifuhao.eastmoney.com/news/20250705172945675224770,东方财富,1,2025-07-06 02:02:55
300474,Kimi，请通过对300474的2023，20242年的财报进行分析，对公司价值,股友547zNU,07-05 05:27,2025-07-05 05:27:00,223,1,http://caifuhao.eastmoney.com/news/20250705172746310080180,东方财富,1,2025-07-06 02:02:55
300474,根本没订单，连葛大佬定增都割肉跑了,爽快得霍伯特,07-04 10:44,2025-07-04 10:44:00,330,3,"http://guba.eastmoney.com/news,300474,1567874613.html",东方财富,1,2025-07-06 02:02:55
300474,人工智能芯片大涨,一触即发666,07-05 09:20,2025-07-05 09:20:00,311,3,"http://guba.eastmoney.com/news,300474,1567897680.html",东方财富,1,2025-07-06 02:02:55
300474,景嘉微参加2025北京无人机大会-便携式反无人机雷达技术：景嘉微的便携式反无人机,股友c0O1216655,07-05 07:19,2025-07-05 07:19:00,384,2,http://caifuhao.eastmoney.com/news/20250705071938410660280,东方财富,1,2025-07-06 02:02:55
300474,看了大基金小基金都在减持啊,著名牛散麒麟阁,07-05 08:44,2025-07-05 08:44:00,189,2,"http://guba.eastmoney.com/news,300474,1567894777.html",东方财富,1,2025-07-06 02:02:55
300474,买得真好,趋势大阳线,07-04 02:16,2025-07-04 02:16:00,565,2,"http://guba.eastmoney.com/news,300474,1567733128.html",东方财富,1,2025-07-06 02:02:55
300474,您好，JM11是否于2024年11月正式流片，请问流片到量产还需要多少时间？现在,景嘉微股友,07-03 05:26,2025-07-03 05:26:00,916,3,"http://guba.eastmoney.com/news,300474,1567312376.html",东方财富,1,2025-07-06 02:02:55
300474,英伟达新高了，你喝点汤不行吗,暨阳财经,07-04 09:14,2025-07-04 09:14:00,214,0,"http://guba.eastmoney.com/news,300474,1567863341.html",东方财富,1,2025-07-06 02:02:55
300474,天天跌。天天几千家下跌，指数还是红的，真神奇,股友5980Dv3681,07-04 02:47,2025-07-04 02:47:00,117,2,"http://guba.eastmoney.com/news,300474,1567767609.html",东方财富,1,2025-07-06 02:02:55
300474,亏了2.5个点割肉了，个人认为我等散户还是最好不碰亏损股，风险太大，没底。,二十年大韭菜,07-04 02:16,2025-07-04 02:16:00,123,2,"http://guba.eastmoney.com/news,300474,1567733548.html",东方财富,1,2025-07-06 02:02:55
300474,输多了的散户都不敢追高，都在这里才是最大的陷阱,重生之我在大炒股,07-04 01:50,2025-07-04 01:50:00,127,2,"http://guba.eastmoney.com/news,300474,1567704976.html",东方财富,1,2025-07-06 02:02:55
300474,进了1000几，星期一高开,狂山无草木,07-04 03:00,2025-07-04 03:00:00,118,0,"http://guba.eastmoney.com/news,300474,1567782358.html",东方财富,1,2025-07-06 02:02:55
300474,下跌无承接还得跌,股友fr73756663,07-04 02:54,2025-07-04 02:54:00,98,0,"http://guba.eastmoney.com/news,300474,1567775997.html",东方财富,1,2025-07-06 02:02:55
300474,我走了，你们留下的发财,股友C21A5i,07-04 02:54,2025-07-04 02:54:00,96,0,"http://guba.eastmoney.com/news,300474,1567775772.html",东方财富,1,2025-07-06 02:02:55
300474,主力放量引导砸盘构成恶意操纵股市，但抛售接手的都是主力，慢跌、阴跌才更好抢筹码后,S缠烂炒追到D,07-04 02:52,2025-07-04 02:52:00,109,0,"http://guba.eastmoney.com/news,300474,1567773735.html",东方财富,1,2025-07-06 02:02:55
300474,景嘉微在72元左右筑底，蓄势待发,股友8d681105k7,07-04 01:34,2025-07-04 01:34:00,126,1,"http://guba.eastmoney.com/news,300474,1567686245.html",东方财富,1,2025-07-06 02:02:55
300474,jjw这德行，如果它欠别的企业的钱，估计都很难要回来,腾飞中国龙,07-04 02:22,2025-07-04 02:22:00,154,1,"http://guba.eastmoney.com/news,300474,1567739548.html",东方财富,1,2025-07-06 02:02:55
300474,过两年会不会被沐曦收购,山阴人,07-04 02:21,2025-07-04 02:21:00,89,0,"http://guba.eastmoney.com/news,300474,1567738213.html",东方财富,1,2025-07-06 02:02:55
300474,关注了七八年，黄粱一梦,龙头必须涨停,07-04 02:15,2025-07-04 02:15:00,90,0,"http://guba.eastmoney.com/news,300474,1567732242.html",东方财富,1,2025-07-06 02:02:55
300474,锁仓不看,股友2973F09V13,07-04 02:15,2025-07-04 02:15:00,85,0,"http://guba.eastmoney.com/news,300474,1567732058.html",东方财富,1,2025-07-06 02:02:55
300474,这个贴里面狗托太多了,股友2973F09V13,07-04 09:37,2025-07-04 09:37:00,61,1,"http://guba.eastmoney.com/news,300474,1567445609.html",东方财富,1,2025-07-06 02:02:55
300474,半导体拉冒烟都带不动你,扶我起来我要满仓,07-04 01:48,2025-07-04 01:48:00,91,0,"http://guba.eastmoney.com/news,300474,1567702448.html",东方财富,1,2025-07-06 02:02:55
300474,这样对得起我吗？我踏马送快递一个包裹1.2元，放到菜鸟驿站给他4毛，一天400票,刚入市的新韭菜,07-04 10:34,2025-07-04 10:34:00,388,8,"http://guba.eastmoney.com/news,300474,1567550688.html",东方财富,1,2025-07-06 02:02:55
300474,这里面托太多了,股友2973F09V13,07-04 01:47,2025-07-04 01:47:00,91,0,"http://guba.eastmoney.com/news,300474,1567701098.html",东方财富,1,2025-07-06 02:02:55
300474,垃圾,生机四海的祖千秋,07-04 01:22,2025-07-04 01:22:00,95,2,"http://guba.eastmoney.com/news,300474,1567672079.html",东方财富,1,2025-07-06 02:02:55
300474,赶紧买要涨停了,卡比兽zzz,07-04 01:32,2025-07-04 01:32:00,99,1,"http://guba.eastmoney.com/news,300474,1567684841.html",东方财富,1,2025-07-06 02:02:55
300474,这垃圾应该是犯了天条,活泼老疙瘩,07-04 01:40,2025-07-04 01:40:00,84,0,"http://guba.eastmoney.com/news,300474,1567694076.html",东方财富,1,2025-07-06 02:02:55
300474,苟看了都摇头,坚定的韭菜一枚,07-04 01:37,2025-07-04 01:37:00,85,0,"http://guba.eastmoney.com/news,300474,1567689976.html",东方财富,1,2025-07-06 02:02:55
300474,科技股全面爆发,否极泰来之无形,07-04 01:23,2025-07-04 01:23:00,102,1,"http://guba.eastmoney.com/news,300474,1567673153.html",东方财富,1,2025-07-06 02:02:55
300474,曾勾你要不要看看外面涨成啥样了，还要不要链了？,安是嫩die,07-04 01:34,2025-07-04 01:34:00,86,0,"http://guba.eastmoney.com/news,300474,1567686261.html",东方财富,1,2025-07-06 02:02:55
300474,走势不错啊,一触即发666,07-04 01:33,2025-07-04 01:33:00,84,0,"http://guba.eastmoney.com/news,300474,1567685233.html",东方财富,1,2025-07-06 02:02:55
300474,没见过升2个点，跌才有！,韭菜20cm长,07-04 01:04,2025-07-04 01:04:00,89,1,"http://guba.eastmoney.com/news,300474,1567651360.html",东方财富,1,2025-07-06 02:02:55
300474,玛德，涨一点是触犯天条了还是你塞绿毛龟里了？,和蔼可亲的许卓婷,07-04 01:31,2025-07-04 01:31:00,84,0,"http://guba.eastmoney.com/news,300474,1567683052.html",东方财富,1,2025-07-06 02:02:55
300474,忍不了了，割了,没啥可以说的拉,07-04 01:30,2025-07-04 01:30:00,87,0,"http://guba.eastmoney.com/news,300474,1567682309.html",东方财富,1,2025-07-06 02:02:55
300474,苟看了都摇头的股，严查,坚定的韭菜一枚,07-04 01:18,2025-07-04 01:18:00,92,1,"http://guba.eastmoney.com/news,300474,1567666875.html",东方财富,1,2025-07-06 02:02:55
300474,问了一下腾讯元宝，景嘉微退市风险有多大。看看如何回答的根据公开财报、行业分析及退,股友2987q03m88,07-04 10:35,2025-07-04 10:35:00,676,40,http://caifuhao.eastmoney.com/news/20250704103545677992320,东方财富,1,2025-07-06 02:02:55
300474,搓揉线,否极泰来之无形,07-04 01:20,2025-07-04 01:20:00,90,0,"http://guba.eastmoney.com/news,300474,1567669781.html",东方财富,1,2025-07-06 02:02:55
300474,我们一起来接力，我出一个字，曾,龙头必须涨停,07-04 01:18,2025-07-04 01:18:00,88,0,"http://guba.eastmoney.com/news,300474,1567666391.html",东方财富,1,2025-07-06 02:02:55
300474,你家有多少人走了才能走成这样？,我在烂景躲牛市,07-04 01:05,2025-07-04 01:05:00,112,4,"http://guba.eastmoney.com/news,300474,1567652286.html",东方财富,1,2025-07-06 02:02:55
300474,何时百元,否极泰来之无形,07-04 01:15,2025-07-04 01:15:00,93,0,"http://guba.eastmoney.com/news,300474,1567662891.html",东方财富,1,2025-07-06 02:02:55
300474,大盘都3500点了，,股友3C372q2558,07-04 01:15,2025-07-04 01:15:00,86,0,"http://guba.eastmoney.com/news,300474,1567662482.html",东方财富,1,2025-07-06 02:02:55
300474,真的能被景勾气死，前些天军工大涨他不动，这两天军工回调它成军工了,安是嫩die,07-04 01:14,2025-07-04 01:14:00,91,0,"http://guba.eastmoney.com/news,300474,1567662147.html",东方财富,1,2025-07-06 02:02:55
300474,鸭脖的帖子删了,股友L9288w7038,07-04 01:03,2025-07-04 01:03:00,108,2,"http://guba.eastmoney.com/news,300474,1567649930.html",东方财富,1,2025-07-06 02:02:55
300474,景嘉微管理层，是到了正视和世界领导景嘉微黄皮肤的老总差距的时候了，只有这样，景嘉,龙头必须涨停,07-04 01:12,2025-07-04 01:12:00,98,0,"http://guba.eastmoney.com/news,300474,1567659012.html",东方财富,1,2025-07-06 02:02:55
300474,最LJ的股票，没有之一。,笨小蟹,07-04 12:26,2025-07-04 12:26:00,94,0,"http://guba.eastmoney.com/news,300474,1567637640.html",东方财富,1,2025-07-06 02:02:55
300474,等68进,返本之路,07-04 12:17,2025-07-04 12:17:00,84,0,"http://guba.eastmoney.com/news,300474,1567635769.html",东方财富,1,2025-07-06 02:02:55
300474,主力放量引导砸盘构成恶意操纵股市，但抛售接手的都是主力，慢跌、阴跌才更好抢筹码后,S缠烂炒追到D,07-04 10:20,2025-07-04 10:20:00,119,2,"http://guba.eastmoney.com/news,300474,1567530820.html",东方财富,1,2025-07-06 02:02:55
300474,能耐,战地狙击手,07-04 11:30,2025-07-04 11:30:00,93,0,"http://guba.eastmoney.com/news,300474,1567619257.html",东方财富,1,2025-07-06 02:02:55
300474,相鼠有齿，景勾无止！景勾无止，不死何俟,安是嫩die,07-04 11:25,2025-07-04 11:25:00,93,0,"http://guba.eastmoney.com/news,300474,1567614732.html",东方财富,1,2025-07-06 02:02:55
300474,寒王都拉红了,扶我起来我要满仓,07-04 11:24,2025-07-04 11:24:00,86,0,"http://guba.eastmoney.com/news,300474,1567613077.html",东方财富,1,2025-07-06 02:02:55
300474,景嘉微：融资净买入831.06万元，融资余额17.84亿元（07-03）,景嘉微资讯,07-04 09:02,2025-07-04 09:02:00,95,1,"http://guba.eastmoney.com/news,300474,1567408843.html",东方财富,1,2025-07-06 02:02:55
300474,太失望了,生机四海的祖千秋,07-04 11:19,2025-07-04 11:19:00,91,0,"http://guba.eastmoney.com/news,300474,1567607988.html",东方财富,1,2025-07-06 02:02:55
300474,别墨迹了，我知道70.2你一定会到！下来,腾飞中国龙,07-04 10:06,2025-07-04 10:06:00,99,2,"http://guba.eastmoney.com/news,300474,1567505861.html",东方财富,1,2025-07-06 02:02:55
300474,什么玩意啊,捂了嚎风,07-04 11:08,2025-07-04 11:08:00,87,0,"http://guba.eastmoney.com/news,300474,1567594364.html",东方财富,1,2025-07-06 02:02:55
300474,再见，再也不见,kcb666,07-04 11:00,2025-07-04 11:00:00,85,0,"http://guba.eastmoney.com/news,300474,1567584201.html",东方财富,1,2025-07-06 02:02:55
300474,垃圾股,秀外慧中的赵子轩,07-04 10:59,2025-07-04 10:59:00,86,0,"http://guba.eastmoney.com/news,300474,1567583828.html",东方财富,1,2025-07-06 02:02:55
300474,si股鉴定完毕,股友5N19r35111,07-04 10:57,2025-07-04 10:57:00,88,0,"http://guba.eastmoney.com/news,300474,1567580803.html",东方财富,1,2025-07-06 02:02:55
300474,“”他强任他强，清风抚山岗，他横任他横，明月照大江”,羊妞牛,07-04 10:24,2025-07-04 10:24:00,112,0,"http://guba.eastmoney.com/news,300474,1567536525.html",东方财富,1,2025-07-06 02:02:55
300474,性情,战地狙击手,07-03 10:27,2025-07-03 10:27:00,82,1,"http://guba.eastmoney.com/news,300474,1567041703.html",东方财富,1,2025-07-06 02:02:55
300474,又要见6了,大吉钵满de宛露,07-04 10:14,2025-07-04 10:14:00,72,0,"http://guba.eastmoney.com/news,300474,1567519032.html",东方财富,1,2025-07-06 02:02:55
300474,远离出生票，健康你我他,大鸡一日同风起,07-04 10:13,2025-07-04 10:13:00,71,0,"http://guba.eastmoney.com/news,300474,1567518673.html",东方财富,1,2025-07-06 02:02:55
300474,展望下周了，兄弟们,马猴烧酒伊莉雅,07-04 10:10,2025-07-04 10:10:00,75,0,"http://guba.eastmoney.com/news,300474,1567512393.html",东方财富,1,2025-07-06 02:02:55
300474,坐稳扶牢，今日涨停,卡比兽zzz,07-04 09:59,2025-07-04 09:59:00,84,1,"http://guba.eastmoney.com/news,300474,1567492387.html",东方财富,1,2025-07-06 02:02:55
300474,继续,江湖故人,07-04 10:06,2025-07-04 10:06:00,71,0,"http://guba.eastmoney.com/news,300474,1567505299.html",东方财富,1,2025-07-06 02:02:55
300474,哥们每天自己跟自己玩呢,湖南小菲特8888,07-04 10:05,2025-07-04 10:05:00,67,0,"http://guba.eastmoney.com/news,300474,1567503996.html",东方财富,1,2025-07-06 02:02:55
300474,你是不是有什么困难？给我说一下吧,和蔼可亲的许卓婷,07-04 10:05,2025-07-04 10:05:00,66,0,"http://guba.eastmoney.com/news,300474,1567502845.html",东方财富,1,2025-07-06 02:02:55
300474,这家伙像钻地弹一样,股友Zl5pMW,07-04 10:01,2025-07-04 10:01:00,65,0,"http://guba.eastmoney.com/news,300474,1567496516.html",东方财富,1,2025-07-06 02:02:55
300474,涨一点跟抄他家一样,股友usJRsd,07-04 09:54,2025-07-04 09:54:00,55,0,"http://guba.eastmoney.com/news,300474,1567483080.html",东方财富,1,2025-07-06 02:02:55
300474,要去69.90了，看这个架势,马猴烧酒伊莉雅,07-04 09:42,2025-07-04 09:42:00,47,0,"http://guba.eastmoney.com/news,300474,1567458994.html",东方财富,1,2025-07-06 02:02:55
300474,71.10补,狂山无草木,07-04 09:42,2025-07-04 09:42:00,49,0,"http://guba.eastmoney.com/news,300474,1567458295.html",东方财富,1,2025-07-06 02:02:55
300474,死股,股友3C372q2558,07-04 09:40,2025-07-04 09:40:00,52,0,"http://guba.eastmoney.com/news,300474,1567454637.html",东方财富,1,2025-07-06 02:02:55
300474,JM11的推广是有多差啊？,生性缓慢,07-04 09:40,2025-07-04 09:40:00,55,0,"http://guba.eastmoney.com/news,300474,1567453377.html",东方财富,1,2025-07-06 02:02:55
300474,300开头里面最烂的,坚定的韭菜一枚,07-04 01:22,2025-07-04 01:22:00,88,0,"http://guba.eastmoney.com/news,300474,1567671435.html",东方财富,2,2025-07-06 02:02:56
300474,大盘疯涨，3500牛市启动,否极泰来之无形,07-04 01:10,2025-07-04 01:10:00,80,0,"http://guba.eastmoney.com/news,300474,1567657574.html",东方财富,2,2025-07-06 02:02:56
300474,3500指数,否极泰来之无形,07-04 11:28,2025-07-04 11:28:00,86,0,"http://guba.eastmoney.com/news,300474,1567617070.html",东方财富,2,2025-07-06 02:02:56
300474,欧拉,否极泰来之无形,07-04 11:10,2025-07-04 11:10:00,90,0,"http://guba.eastmoney.com/news,300474,1567597307.html",东方财富,2,2025-07-06 02:02:56
300474,主力放量引导砸盘构成恶意操纵股市，但抛售接手的都是主力，慢跌、阴跌才更好抢筹码后,S缠烂炒追到D,07-04 11:08,2025-07-04 11:08:00,90,0,"http://guba.eastmoney.com/news,300474,1567594613.html",东方财富,2,2025-07-06 02:02:56
300474,指数创新高,否极泰来之无形,07-04 11:06,2025-07-04 11:06:00,84,0,"http://guba.eastmoney.com/news,300474,1567592980.html",东方财富,2,2025-07-06 02:02:56
300474,小微，我要带你飞,否极泰来之无形,07-04 11:03,2025-07-04 11:03:00,82,0,"http://guba.eastmoney.com/news,300474,1567588581.html",东方财富,2,2025-07-06 02:02:56
300474,放量引导砸盘，但接手的都是主力，慢跌、阴跌才更好抢筹码后独食!,S缠烂炒追到D,07-04 10:12,2025-07-04 10:12:00,71,0,"http://guba.eastmoney.com/news,300474,1567515512.html",东方财富,2,2025-07-06 02:02:56
300474,主力恶意砸盘控盘!构成操纵股市罪!,S缠烂炒追到D,07-04 09:43,2025-07-04 09:43:00,53,0,"http://guba.eastmoney.com/news,300474,1567460941.html",东方财富,2,2025-07-06 02:02:56
300474,九减三，忙！,龙头必须涨停,07-04 09:40,2025-07-04 09:40:00,48,0,"http://guba.eastmoney.com/news,300474,1567453452.html",东方财富,2,2025-07-06 02:02:56
300474,随时20cm,shoeshine,07-04 09:12,2025-07-04 09:12:00,96,3,"http://guba.eastmoney.com/news,300474,1567412066.html",东方财富,2,2025-07-06 02:02:56
300474,景美携 JM1100闪耀 2025 世界半导体大会，斩获 “GPU芯片创新产品奖,中药长牛10年10倍,07-04 08:20,2025-07-04 08:20:00,606,6,http://caifuhao.eastmoney.com/news/20250704082058393364240,东方财富,2,2025-07-06 02:02:56
300474,今日涨停，冲啊,卡比兽zzz,07-04 08:16,2025-07-04 08:16:00,57,0,"http://guba.eastmoney.com/news,300474,1567400549.html",东方财富,2,2025-07-06 02:02:56
300474,景嘉微(300474.SZ)：目前公司产品广泛应用于高可靠性要求的航空、航天、航海、车载等专用领域及通用领域,格隆汇,07-03 05:51,2025-07-03 05:51:00,1427,2,http://caifuhao.eastmoney.com/news/20250703175111148317230,东方财富,2,2025-07-06 02:02:56
300474,国产GPU大时代来了！最近一周科技领域3个重大信息：摩尔线程IPO、沐曦集成IP,石门崔哥,07-03 06:30,2025-07-03 06:30:00,4888,15,http://caifuhao.eastmoney.com/news/20250703063031907816700,东方财富,2,2025-07-06 02:02:56
300474,董秘一出来，就要捏把汗,股友312Q275G39,07-03 11:14,2025-07-03 11:14:00,171,0,"http://guba.eastmoney.com/news,300474,1567375075.html",东方财富,2,2025-07-06 02:02:56
300474,明天应该20厘米了,aaron出彩人生,07-03 10:29,2025-07-03 10:29:00,226,2,"http://guba.eastmoney.com/news,300474,1567367964.html",东方财富,2,2025-07-06 02:02:56
300474,达子是真赚钱的公司。,股友8U263p5889,07-03 10:40,2025-07-03 10:40:00,157,0,"http://guba.eastmoney.com/news,300474,1567369800.html",东方财富,2,2025-07-06 02:02:56
300474,董秘好请问和成飞有业务来往吗,景嘉微股友,07-03 05:24,2025-07-03 05:24:00,448,2,"http://guba.eastmoney.com/news,300474,1567311985.html",东方财富,2,2025-07-06 02:02:56
300474,唉，着急啊！,一只好大的穿云箭,07-03 08:56,2025-07-03 08:56:00,93,0,"http://guba.eastmoney.com/news,300474,1567349809.html",东方财富,2,2025-07-06 02:02:56
300474,好像唱多的人都散了，明天上午我偷偷拉你们别砸我喔,峰哥小迷弟T,07-03 07:58,2025-07-03 07:58:00,113,1,"http://guba.eastmoney.com/news,300474,1567339477.html",东方财富,2,2025-07-06 02:02:56
300474,jm11到底咋样了，我在考虑要不要入坑,暨阳财经,07-03 01:47,2025-07-03 01:47:00,558,5,"http://guba.eastmoney.com/news,300474,1567187760.html",东方财富,2,2025-07-06 02:02:56
300474,坐稳扶牢，明天涨停,卡比兽zzz,07-03 04:36,2025-07-03 04:36:00,136,1,"http://guba.eastmoney.com/news,300474,1567300687.html",东方财富,2,2025-07-06 02:02:56
300474,胜宏科技股价是烂景的两倍了，两年零9个月前胜宏12块钱左右起步烂景43块钱左右起,我在烂景躲牛市,07-03 07:16,2025-07-03 07:16:00,200,0,"http://guba.eastmoney.com/news,300474,1567332439.html",东方财富,2,2025-07-06 02:02:56
300474,景嘉微股东户数下降4.74%，户均持股28.31万元,景嘉微资讯,07-03 05:53,2025-07-03 05:53:00,1230,4,"http://guba.eastmoney.com/news,300474,1567317958.html",东方财富,2,2025-07-06 02:02:56
300474,摩尔和沐熙上市了，对这股有啥影响吗？,唧唧歪歪的防范8178,07-03 06:39,2025-07-03 06:39:00,127,0,"http://guba.eastmoney.com/news,300474,1567326452.html",东方财富,2,2025-07-06 02:02:56
300474,顶住了，下不来了,狂山无草木,07-03 02:49,2025-07-03 02:49:00,119,2,"http://guba.eastmoney.com/news,300474,1567256577.html",东方财富,2,2025-07-06 02:02:56
300474,请问公司最近一期的股东人数是多少？谢谢,景嘉微股友,07-03 05:28,2025-07-03 05:28:00,247,0,"http://guba.eastmoney.com/news,300474,1567312926.html",东方财富,2,2025-07-06 02:02:56
300474,说摩尔和沐曦上市对景有影响的是一点都不动脑子啊景目前基本没有民用的产品，根本就不,满融穿越,07-03 05:27,2025-07-03 05:27:00,525,0,http://caifuhao.eastmoney.com/news/20250703172752728344320,东方财富,2,2025-07-06 02:02:56
300474,公司的反无人机雷达等产品出口至哪些地？网上有看到出口至中东？公司出口产品有哪些？,景嘉微股友,07-03 05:27,2025-07-03 05:27:00,283,0,"http://guba.eastmoney.com/news,300474,1567312702.html",东方财富,2,2025-07-06 02:02:56
300474,公司2024及2025亏损的原因在哪里，2025后三个季度是否改善？上半年是否扭,景嘉微股友,07-03 05:27,2025-07-03 05:27:00,589,0,"http://guba.eastmoney.com/news,300474,1567312589.html",东方财富,2,2025-07-06 02:02:56
300474,请问贵司的芯片及其他产品在民用和军工领域有哪些具体应用？芯片部分未来是否增加民用,景嘉微股友,07-03 05:26,2025-07-03 05:26:00,371,0,"http://guba.eastmoney.com/news,300474,1567312478.html",东方财富,2,2025-07-06 02:02:56
300474,公司产品主要适用于哪些方面，谢谢！,景嘉微股友,07-03 05:26,2025-07-03 05:26:00,182,0,"http://guba.eastmoney.com/news,300474,1567312477.html",东方财富,2,2025-07-06 02:02:56
300474,懂秘您好！请问公司的ai芯片景宏系列和JM11芯片公司是如何推广的？现在有哪些,股友lb95ws,07-03 05:26,2025-07-03 05:26:00,286,0,"http://guba.eastmoney.com/news,300474,1561242341.html",东方财富,2,2025-07-06 02:02:56
300474,请教JM9、JM11或其他公司的芯片是否适用于脑机接口？通过不断公关、技术上是否,景嘉微股友,07-03 05:24,2025-07-03 05:24:00,143,0,"http://guba.eastmoney.com/news,300474,1567311983.html",东方财富,2,2025-07-06 02:02:56
300474,请问公司的ai芯片景宏系列和JM11芯片公司是如何推广的？现在有哪些成效？它与市,股友lb95ws,07-03 05:24,2025-07-03 05:24:00,167,0,"http://guba.eastmoney.com/news,300474,1560937903.html",东方财富,2,2025-07-06 02:02:56
300474,"国产GPU巨头上演""速度与激情""：三年亏损50亿，估值为何直奔千亿？",太极解码局,07-03 01:03,2025-07-03 01:03:00,1006,1,http://caifuhao.eastmoney.com/news/20250703130301742415990,东方财富,2,2025-07-06 02:02:56
300474,两个小甜甜要上市了，市场对牛夫人的宠爱会越来越少，不做出过硬产品，增营增收，小景,你晕针吗,07-03 04:38,2025-07-03 04:38:00,126,0,"http://guba.eastmoney.com/news,300474,1567301311.html",东方财富,2,2025-07-06 02:02:56
300474,景嘉微∽你就不能正儿八经的涨一轮吗,专抓低位牛股,07-03 02:08,2025-07-03 02:08:00,77,1,"http://guba.eastmoney.com/news,300474,1567211597.html",东方财富,2,2025-07-06 02:02:56
300474,涨的都是业绩线，和我们无关。,重生之我在大炒股,07-03 03:11,2025-07-03 03:11:00,87,0,"http://guba.eastmoney.com/news,300474,1567275945.html",东方财富,2,2025-07-06 02:02:56
300474,宝子们我来啦,暨阳财经,07-03 02:01,2025-07-03 02:01:00,279,1,"http://guba.eastmoney.com/news,300474,1567203335.html",东方财富,2,2025-07-06 02:02:56
300474,高处6天针式冲天横盘打压抢筹码，庄家和主力太独食了!,S缠烂炒追到D,07-03 02:50,2025-07-03 02:50:00,106,0,"http://guba.eastmoney.com/news,300474,1567258448.html",东方财富,2,2025-07-06 02:02:56
300474,从市场中的技术测试看，沐曦、天数还是不错的,腾飞中国龙,07-03 02:04,2025-07-03 02:04:00,147,4,"http://guba.eastmoney.com/news,300474,1567206491.html",东方财富,2,2025-07-06 02:02:56
300474,拿稳了，今天涨停,卡比兽zzz,07-03 02:32,2025-07-03 02:32:00,85,1,"http://guba.eastmoney.com/news,300474,1567237315.html",东方财富,2,2025-07-06 02:02:56
300474,始终为国景嘉微，毫不贪权铺丁,龙头必须涨停,07-03 02:46,2025-07-03 02:46:00,84,0,"http://guba.eastmoney.com/news,300474,1567253685.html",东方财富,2,2025-07-06 02:02:56
300474,要死不活的,股友fr73756663,07-03 02:42,2025-07-03 02:42:00,69,0,"http://guba.eastmoney.com/news,300474,1567248265.html",东方财富,2,2025-07-06 02:02:56
300474,连指数的涨幅都跟不上，怎么这么弱？,日照金山福禄满堂,07-03 02:41,2025-07-03 02:41:00,65,0,"http://guba.eastmoney.com/news,300474,1567246794.html",东方财富,2,2025-07-06 02:02:56
300474,垃圾分类,抓涨小能手1987,07-03 02:40,2025-07-03 02:40:00,71,0,"http://guba.eastmoney.com/news,300474,1567245787.html",东方财富,2,2025-07-06 02:02:56
300474,奋勇,战地狙击手,07-03 02:35,2025-07-03 02:35:00,72,0,"http://guba.eastmoney.com/news,300474,1567240995.html",东方财富,2,2025-07-06 02:02:56
300474,要死不活,n127813766413154,07-03 02:34,2025-07-03 02:34:00,69,0,"http://guba.eastmoney.com/news,300474,1567238912.html",东方财富,2,2025-07-06 02:02:56
300474,试下盘,战地狙击手,07-03 11:18,2025-07-03 11:18:00,129,4,"http://guba.eastmoney.com/news,300474,1567102135.html",东方财富,2,2025-07-06 02:02:56
300474,大基金来了，他来了,高盛CIIA,07-03 02:25,2025-07-03 02:25:00,75,0,"http://guba.eastmoney.com/news,300474,1567229787.html",东方财富,2,2025-07-06 02:02:56
300474,这是什么神仙股？板块的零头都不如,扶我起来我要满仓,07-03 02:18,2025-07-03 02:18:00,63,0,"http://guba.eastmoney.com/news,300474,1567221725.html",东方财富,2,2025-07-06 02:02:56
300474,真心你收绿，涨几分钱恶心人，虽然我有仓位。也祝福你跌,这坚强小韭菜,07-03 02:15,2025-07-03 02:15:00,69,0,"http://guba.eastmoney.com/news,300474,1567218764.html",东方财富,2,2025-07-06 02:02:56
300474,高处6天针式冲天横盘抢筹码，庄家和主力太独食了!,S缠烂炒追到D,07-03 02:12,2025-07-03 02:12:00,80,0,"http://guba.eastmoney.com/news,300474,1567215673.html",东方财富,2,2025-07-06 02:02:56
300474,每次涨幅都是零点几个点，磨人。。。,甜筒不是冰淇淋,07-03 02:07,2025-07-03 02:07:00,68,0,"http://guba.eastmoney.com/news,300474,1567210160.html",东方财富,2,2025-07-06 02:02:56
300474,$景嘉微(SZ300474)$,牛市赚很多钱,07-03 02:05,2025-07-03 02:05:00,229,0,"http://guba.eastmoney.com/news,300474,1567208340.html",东方财富,2,2025-07-06 02:02:56
300474,葛子是不是卖完景嘉微跑去沐曦咯,股友D3W6626161,07-03 01:42,2025-07-03 01:42:00,257,0,"http://guba.eastmoney.com/news,300474,1567182210.html",东方财富,2,2025-07-06 02:02:56
300474,惊,战地狙击手,07-03 02:02,2025-07-03 02:02:00,65,0,"http://guba.eastmoney.com/news,300474,1567204648.html",东方财富,2,2025-07-06 02:02:56
300474,大盘拉升视而不见，大盘下跌首当其冲,坚定的韭菜一枚,07-03 02:00,2025-07-03 02:00:00,68,0,"http://guba.eastmoney.com/news,300474,1567202972.html",东方财富,2,2025-07-06 02:02:56
300474,天天跌，半年多没好好涨过了,股友3C372q2558,07-03 01:57,2025-07-03 01:57:00,65,0,"http://guba.eastmoney.com/news,300474,1567198543.html",东方财富,2,2025-07-06 02:02:56
300474,这股之前军工大涨它不涨的时候就知道是个废股，居然还有人在玩,卡比兽zzz,07-03 10:28,2025-07-03 10:28:00,83,1,"http://guba.eastmoney.com/news,300474,1567042906.html",东方财富,2,2025-07-06 02:02:56
300474,严查这个烂公司,坚定的韭菜一枚,07-03 01:38,2025-07-03 01:38:00,67,0,"http://guba.eastmoney.com/news,300474,1567176966.html",东方财富,2,2025-07-06 02:02:56
300474,别装了，赶紧跌,坚定的韭菜一枚,07-03 01:36,2025-07-03 01:36:00,65,0,"http://guba.eastmoney.com/news,300474,1567174642.html",东方财富,2,2025-07-06 02:02:56
300474,太内卷了嘛,股友tc9uhf,07-03 01:36,2025-07-03 01:36:00,67,0,"http://guba.eastmoney.com/news,300474,1567174595.html",东方财富,2,2025-07-06 02:02:56
300474,两大独角兽来了，这不是伙伴，是巨兽，它要鲸吞你，爆发吧，不在沉默中爆发，就在沉默,小李广花荣,07-02 08:39,2025-07-02 08:39:00,297,3,"http://guba.eastmoney.com/news,300474,1566856613.html",东方财富,2,2025-07-06 02:02:56
300474,……,不回tou,07-03 01:24,2025-07-03 01:24:00,70,0,"http://guba.eastmoney.com/news,300474,1567162582.html",东方财富,2,2025-07-06 02:02:56
300474,量化控盘很严重!,S缠烂炒追到D,07-03 01:24,2025-07-03 01:24:00,72,0,"http://guba.eastmoney.com/news,300474,1567162454.html",东方财富,2,2025-07-06 02:02:56
300474,太差了,股友3C372q2558,07-03 01:24,2025-07-03 01:24:00,65,0,"http://guba.eastmoney.com/news,300474,1567162077.html",东方财富,2,2025-07-06 02:02:56
300474,都别割，下午大概率翻红10-15个点，不排除涨停的可能性。难道看不出来盘面走势吗,刚入市的新韭菜,07-03 11:08,2025-07-03 11:08:00,210,8,"http://guba.eastmoney.com/news,300474,1567092140.html",东方财富,2,2025-07-06 02:02:56
300474,景嘉微：融资净买入3184.21万元，融资余额17.76亿元（07-02）,景嘉微资讯,07-03 09:15,2025-07-03 09:15:00,87,3,"http://guba.eastmoney.com/news,300474,1566919836.html",东方财富,2,2025-07-06 02:02:56
300474,走成这样真的很难搞，一周又一周，过完明天又要展望下周了,马猴烧酒伊莉雅,07-03 01:07,2025-07-03 01:07:00,67,0,"http://guba.eastmoney.com/news,300474,1567144947.html",东方财富,2,2025-07-06 02:02:56
300474,破50，可加仓,股友a5699860y5,07-03 01:05,2025-07-03 01:05:00,69,0,"http://guba.eastmoney.com/news,300474,1567142611.html",东方财富,2,2025-07-06 02:02:56
300474,再不卖就没有机会了,追上阳光,07-03 12:32,2025-07-03 12:32:00,114,3,"http://guba.eastmoney.com/news,300474,1567130730.html",东方财富,2,2025-07-06 02:02:56
300474,不是哥们，你们还没卖吗？再不跑就要60了。,从容且沉默,07-03 12:20,2025-07-03 12:20:00,80,0,"http://guba.eastmoney.com/news,300474,1567128292.html",东方财富,2,2025-07-06 02:02:56
300474,中国最强音，景嘉微芯片，非常硬核，可以做当炮弹的坦克盾牌。牛！,龙头必须涨停,07-03 11:13,2025-07-03 11:13:00,117,1,"http://guba.eastmoney.com/news,300474,1567096658.html",东方财富,2,2025-07-06 02:02:56
300474,恶意操纵打压盘，想独食。,S缠烂炒追到D,07-03 11:29,2025-07-03 11:29:00,73,0,"http://guba.eastmoney.com/news,300474,1567112422.html",东方财富,2,2025-07-06 02:02:56
300474,开始诱多了,股友fr73756663,07-03 11:26,2025-07-03 11:26:00,75,0,"http://guba.eastmoney.com/news,300474,1567109771.html",东方财富,3,2025-07-06 02:02:57
300474,今天继续阴线大概率了,股友PtOeFL,07-03 11:19,2025-07-03 11:19:00,66,0,"http://guba.eastmoney.com/news,300474,1567102773.html",东方财富,3,2025-07-06 02:02:57
300474,调整了6天了啊哥们儿，再不起来我可要割肉了啊,乌兰游子,07-03 10:23,2025-07-03 10:23:00,83,2,"http://guba.eastmoney.com/news,300474,1567035916.html",东方财富,3,2025-07-06 02:02:57
300474,我割了，楼下的发财,股友35q9139Z89,07-03 10:58,2025-07-03 10:58:00,79,2,"http://guba.eastmoney.com/news,300474,1567081529.html",东方财富,3,2025-07-06 02:02:57
300474,板块那么好,扶我起来我要满仓,07-03 11:00,2025-07-03 11:00:00,65,0,"http://guba.eastmoney.com/news,300474,1567084081.html",东方财富,3,2025-07-06 02:02:57
300474,最近几天主力一直在流出,股友PtOeFL,07-03 10:37,2025-07-03 10:37:00,79,2,"http://guba.eastmoney.com/news,300474,1567054607.html",东方财富,3,2025-07-06 02:02:57
300474,今天半导体整体表现不是很好，前几天行情的正常回调把，我觉得可以接受。景嘉微手握军,对她一往情深,07-02 05:01,2025-07-02 05:01:00,6877,16,http://caifuhao.eastmoney.com/news/20250702170200254843630,东方财富,3,2025-07-06 02:02:57
300474,又是叱石的一天,江湖故人,07-03 10:23,2025-07-03 10:23:00,66,0,"http://guba.eastmoney.com/news,300474,1567035584.html",东方财富,3,2025-07-06 02:02:57
300474,很明显的吸筹，短期不大可能有趋势性行情，每天做下T也蛮好玩的。,买了永远不动,07-03 10:08,2025-07-03 10:08:00,82,0,"http://guba.eastmoney.com/news,300474,1567012514.html",东方财富,3,2025-07-06 02:02:57
300474,今天冲击年线,乌兰游子,07-03 09:24,2025-07-03 09:24:00,105,4,"http://guba.eastmoney.com/news,300474,1566924827.html",东方财富,3,2025-07-06 02:02:57
300474,9天机=9天饥!首飞成功后立刻跌9天锁住站岗的!,S缠烂炒追到D,07-03 10:04,2025-07-03 10:04:00,69,0,"http://guba.eastmoney.com/news,300474,1567006658.html",东方财富,3,2025-07-06 02:02:57
300474,根据自己的判断玩股票，就是错了，也能学到了东西，但是根据股吧里的情绪来左右自己的,恭喜发财MM,07-03 10:00,2025-07-03 10:00:00,137,0,"http://guba.eastmoney.com/news,300474,1566999632.html",东方财富,3,2025-07-06 02:02:57
300474,什么都涨就它垃,股友3C372q2558,07-03 09:55,2025-07-03 09:55:00,68,0,"http://guba.eastmoney.com/news,300474,1566990729.html",东方财富,3,2025-07-06 02:02:57
300474,主力恶意操盘想独食,S缠烂炒追到D,07-03 09:52,2025-07-03 09:52:00,65,0,"http://guba.eastmoney.com/news,300474,1566985921.html",东方财富,3,2025-07-06 02:02:57
300474,苟看了都摇头,坚定的韭菜一枚,07-03 09:50,2025-07-03 09:50:00,52,0,"http://guba.eastmoney.com/news,300474,1566981614.html",东方财富,3,2025-07-06 02:02:57
300474,大神告诉我，这公司是不是要退市了，割肉走人,二十年大韭菜,07-03 09:40,2025-07-03 09:40:00,69,1,"http://guba.eastmoney.com/news,300474,1566958349.html",东方财富,3,2025-07-06 02:02:57
300474,还得下探,富可州鹤de老顽童,07-01 01:12,2025-07-01 01:12:00,74,1,"http://guba.eastmoney.com/news,300474,1566173922.html",东方财富,3,2025-07-06 02:02:57
300474,这是想尽一切办法要和军工撇清关系啊,和蔼可亲的许卓婷,07-03 09:40,2025-07-03 09:40:00,56,0,"http://guba.eastmoney.com/news,300474,1566959621.html",东方财富,3,2025-07-06 02:02:57
300474,真垃圾,股友3C372q2558,07-03 09:39,2025-07-03 09:39:00,48,0,"http://guba.eastmoney.com/news,300474,1566957302.html",东方财富,3,2025-07-06 02:02:57
300474,什么板块都轮着涨了，烂景我,我在烂景躲牛市,07-03 08:52,2025-07-03 08:52:00,84,1,"http://guba.eastmoney.com/news,300474,1566913204.html",东方财富,3,2025-07-06 02:02:57
300474,今天下午不知道大家发现没有，几分钟连续100手买入，这个位置主力在拖底，跌不下去,峰哥小迷弟T,07-02 07:34,2025-07-02 07:34:00,887,9,"http://guba.eastmoney.com/news,300474,1566845642.html",东方财富,3,2025-07-06 02:02:57
300474,，72.5还加仓了，真能套人啊，跟你耗上了。,刚入市的新韭菜,07-02 03:03,2025-07-02 03:03:00,128,2,"http://guba.eastmoney.com/news,300474,1566779430.html",东方财富,3,2025-07-06 02:02:57
300474,为什么上方的缺口没了？,曼陀山花仙子,07-02 08:06,2025-07-02 08:06:00,147,1,"http://guba.eastmoney.com/news,300474,1566851160.html",东方财富,3,2025-07-06 02:02:57
300474,100手，100手的出货！！！,高开低走30年不变,07-02 01:26,2025-07-02 01:26:00,770,3,"http://guba.eastmoney.com/news,300474,1566675562.html",东方财富,3,2025-07-06 02:02:57
300474,明天大盘好的话，小景冲击年线，别问为什么？情绪到了。,刚入市的新韭菜,07-02 04:47,2025-07-02 04:47:00,129,0,"http://guba.eastmoney.com/news,300474,1566811926.html",东方财富,3,2025-07-06 02:02:57
300474,这线是设定好的吗？一浪更比一浪低,rxt56789,07-02 02:07,2025-07-02 02:07:00,166,3,"http://guba.eastmoney.com/news,300474,1566720893.html",东方财富,3,2025-07-06 02:02:57
300474,一个电话错过了什么,狂山无草木,07-02 09:57,2025-07-02 09:57:00,165,3,"http://guba.eastmoney.com/news,300474,1566502240.html",东方财富,3,2025-07-06 02:02:57
300474,太秀了快拿不住了,股友8320H9Q097,07-02 03:28,2025-07-02 03:28:00,94,0,"http://guba.eastmoney.com/news,300474,1566790783.html",东方财富,3,2025-07-06 02:02:57
300474,今天上套了，只好再跌5%加仓！,无药可救啊,07-02 02:59,2025-07-02 02:59:00,94,0,"http://guba.eastmoney.com/news,300474,1566775577.html",东方财富,3,2025-07-06 02:02:57
300474,……,和蔼可亲的许卓婷,07-02 02:46,2025-07-02 02:46:00,68,0,"http://guba.eastmoney.com/news,300474,1566761091.html",东方财富,3,2025-07-06 02:02:57
300474,有意思,月光私募,07-02 02:20,2025-07-02 02:20:00,92,1,"http://guba.eastmoney.com/news,300474,1566734671.html",东方财富,3,2025-07-06 02:02:57
300474,不耽误收红,这坚强小韭菜,07-02 02:30,2025-07-02 02:30:00,78,0,"http://guba.eastmoney.com/news,300474,1566745425.html",东方财富,3,2025-07-06 02:02:57
300474,应该还会来那么一下,战地狙击手,07-02 02:30,2025-07-02 02:30:00,74,0,"http://guba.eastmoney.com/news,300474,1566744773.html",东方财富,3,2025-07-06 02:02:57
300474,快上车，过期不候,靠运气必赢,07-02 02:19,2025-07-02 02:19:00,86,0,"http://guba.eastmoney.com/news,300474,1566734338.html",东方财富,3,2025-07-06 02:02:57
300474,摩尔线程和沐曦的上市是今天急拉的原因，至于是试盘还是拉高出货就不知道了，今天盘面,墙八门,07-02 10:14,2025-07-02 10:14:00,317,4,"http://guba.eastmoney.com/news,300474,1566530325.html",东方财富,3,2025-07-06 02:02:57
300474,终于可以和军工板块同步了,东财网友3639513343253478,07-02 12:55,2025-07-02 12:55:00,45,1,http://caifuhao.eastmoney.com/news/20250702125523690392080,东方财富,3,2025-07-06 02:02:57
300474,再一次让股友们沉默，这就是景嘉微的魅力,重生之我在大炒股,07-02 01:54,2025-07-02 01:54:00,86,0,"http://guba.eastmoney.com/news,300474,1566707058.html",东方财富,3,2025-07-06 02:02:57
300474,东海实验，深海科技,满融穿越,07-02 10:03,2025-07-02 10:03:00,406,3,"http://guba.eastmoney.com/news,300474,1566512285.html",东方财富,3,2025-07-06 02:02:57
300474,会是虚晃吗？,战地狙击手,07-02 01:27,2025-07-02 01:27:00,101,1,"http://guba.eastmoney.com/news,300474,1566676133.html",东方财富,3,2025-07-06 02:02:57
300474,2000手，继续砸盘,高开低走30年不变,07-02 01:28,2025-07-02 01:28:00,571,1,"http://guba.eastmoney.com/news,300474,1566677090.html",东方财富,3,2025-07-06 02:02:57
300474,搞了半天，原来你要补跌,战地狙击手,07-02 01:11,2025-07-02 01:11:00,82,0,"http://guba.eastmoney.com/news,300474,1566658685.html",东方财富,3,2025-07-06 02:02:57
300474,一个点也要，跑了下午接回,股友Wv66692039,07-02 09:55,2025-07-02 09:55:00,107,3,"http://guba.eastmoney.com/news,300474,1566499388.html",东方财富,3,2025-07-06 02:02:57
300474,拉一下什么意思，是东海试验的海洋经济?,H0S89,07-02 12:00,2025-07-02 12:00:00,80,0,"http://guba.eastmoney.com/news,300474,1566634349.html",东方财富,3,2025-07-06 02:02:57
300474,起立迎接三位新大佬,定投长电苏银,07-02 11:58,2025-07-02 11:58:00,103,0,"http://guba.eastmoney.com/news,300474,1566633635.html",东方财富,3,2025-07-06 02:02:57
300474,啥意思，吸取上次教训，冲高想格局一下，就这样耍我？,刚入市的新韭菜,07-02 11:26,2025-07-02 11:26:00,85,0,"http://guba.eastmoney.com/news,300474,1566620468.html",东方财富,3,2025-07-06 02:02:57
300474,昨天拉涨最佳时机错过了，只能向下走了,大发大展得周伯通,07-02 11:26,2025-07-02 11:26:00,78,0,"http://guba.eastmoney.com/news,300474,1566620268.html",东方财富,3,2025-07-06 02:02:57
300474,庄家弄点差价,跳跳小兔子,07-02 11:21,2025-07-02 11:21:00,78,0,"http://guba.eastmoney.com/news,300474,1566615368.html",东方财富,3,2025-07-06 02:02:57
300474,拉那一下干什么？补又不好补，卖又不好卖,回本再翻倍,07-02 11:11,2025-07-02 11:11:00,88,0,"http://guba.eastmoney.com/news,300474,1566604257.html",东方财富,3,2025-07-06 02:02:57
300474,整体来说是个底部,一触即发666,07-02 11:19,2025-07-02 11:19:00,82,0,"http://guba.eastmoney.com/news,300474,1566612885.html",东方财富,3,2025-07-06 02:02:57
300474,这几天走势，不跟军工，不跟龙芯，一直在调整逢低大单买入,不是你不说,07-02 11:01,2025-07-02 11:01:00,118,2,"http://guba.eastmoney.com/news,300474,1566593234.html",东方财富,3,2025-07-06 02:02:57
300474,景嘉微：融资净偿还327.62万元，融资余额17.44亿元（07-01）,景嘉微资讯,07-02 08:56,2025-07-02 08:56:00,81,1,"http://guba.eastmoney.com/news,300474,1566421107.html",东方财富,3,2025-07-06 02:02:57
300474,不一样,战地狙击手,07-02 10:55,2025-07-02 10:55:00,70,0,"http://guba.eastmoney.com/news,300474,1566586574.html",东方财富,3,2025-07-06 02:02:57
300474,假军工吗？！,无药可救啊,07-02 10:52,2025-07-02 10:52:00,72,0,"http://guba.eastmoney.com/news,300474,1566583206.html",东方财富,3,2025-07-06 02:02:57
300474,主力够很读，一定要砸盘独食才拉升,S缠烂炒追到D,07-02 10:48,2025-07-02 10:48:00,72,0,"http://guba.eastmoney.com/news,300474,1566577468.html",东方财富,3,2025-07-06 02:02:57
300474,这是什么垃圾呀,股友3C372q2558,07-02 10:47,2025-07-02 10:47:00,69,0,"http://guba.eastmoney.com/news,300474,1566575616.html",东方财富,3,2025-07-06 02:02:57
300474,这个算双头吗,基民y59891X193,07-02 10:46,2025-07-02 10:46:00,72,0,"http://guba.eastmoney.com/news,300474,1566575259.html",东方财富,3,2025-07-06 02:02:57
300474,这是有源相共振雷达的最大制造直销商,月光私募,07-02 10:41,2025-07-02 10:41:00,88,0,"http://guba.eastmoney.com/news,300474,1566568717.html",东方财富,3,2025-07-06 02:02:57
300474,不如江南新材,有团队精神的乔潇,07-02 10:41,2025-07-02 10:41:00,71,0,"http://guba.eastmoney.com/news,300474,1566568008.html",东方财富,3,2025-07-06 02:02:57
300474,抽风结束，继续下跌,日照金山福禄满堂,07-02 10:32,2025-07-02 10:32:00,81,1,"http://guba.eastmoney.com/news,300474,1566555927.html",东方财富,3,2025-07-06 02:02:57
300474,+,赢亡口月贝凡,07-02 10:23,2025-07-02 10:23:00,472,4,"http://guba.eastmoney.com/news,300474,1566543129.html",东方财富,3,2025-07-06 02:02:57
300474,19号披露中报？这么早？难道业绩有反转？,满融穿越,07-02 09:52,2025-07-02 09:52:00,260,6,"http://guba.eastmoney.com/news,300474,1566492517.html",东方财富,3,2025-07-06 02:02:57
300474,主力，我不会走的。,股王刘德华,07-02 10:20,2025-07-02 10:20:00,84,1,"http://guba.eastmoney.com/news,300474,1566540107.html",东方财富,3,2025-07-06 02:02:57
300474,市值要回400亿以上，买入,雅化集团上50,07-02 10:21,2025-07-02 10:21:00,76,0,"http://guba.eastmoney.com/news,300474,1566540435.html",东方财富,3,2025-07-06 02:02:57
300474,今日融买将净增,战地狙击手,06-30 11:14,2025-06-30 11:14:00,100,2,"http://guba.eastmoney.com/news,300474,1565634124.html",东方财富,3,2025-07-06 02:02:57
300474,急拉慢跌是什么？,有团队精神的乔潇,07-02 10:04,2025-07-02 10:04:00,120,2,"http://guba.eastmoney.com/news,300474,1566514906.html",东方财富,3,2025-07-06 02:02:57
300474,拉升就跑，永远不会错,乐于助人的舒灏10,07-02 10:08,2025-07-02 10:08:00,75,0,"http://guba.eastmoney.com/news,300474,1566520135.html",东方财富,3,2025-07-06 02:02:57
300474,主力真是秒设男啊，三秒都坚持不到,安是嫩die,07-02 10:04,2025-07-02 10:04:00,71,0,"http://guba.eastmoney.com/news,300474,1566513838.html",东方财富,3,2025-07-06 02:02:57
300474,$景嘉微(SZ300474)$,中原红彤彤,07-02 10:03,2025-07-02 10:03:00,284,0,"http://guba.eastmoney.com/news,300474,1566513301.html",东方财富,3,2025-07-06 02:02:57
300474,拉高出货,股友lRLF32,07-02 09:53,2025-07-02 09:53:00,81,1,"http://guba.eastmoney.com/news,300474,1566495093.html",东方财富,3,2025-07-06 02:02:57
300474,牛逼,用心的俞烨冰,07-02 09:56,2025-07-02 09:56:00,70,0,"http://guba.eastmoney.com/news,300474,1566501350.html",东方财富,3,2025-07-06 02:02:57
300474,吃相真难看，吓唬谁呢,成大事,07-02 09:56,2025-07-02 09:56:00,69,0,"http://guba.eastmoney.com/news,300474,1566500263.html",东方财富,3,2025-07-06 02:02:57
300474,好了，今天又可以下班了。,买了永远不动,07-02 09:56,2025-07-02 09:56:00,74,0,"http://guba.eastmoney.com/news,300474,1566499679.html",东方财富,3,2025-07-06 02:02:57
300474,喔豁，跑了,有专注力的沈锐,07-02 09:54,2025-07-02 09:54:00,65,0,"http://guba.eastmoney.com/news,300474,1566496523.html",东方财富,3,2025-07-06 02:02:57
300474,不对呀，你不是披露的挺积极的嘛！别人传你有重组，你当天就回复没有！别人传你有深海,股友D3W6626161,07-02 09:46,2025-07-02 09:46:00,117,1,"http://guba.eastmoney.com/news,300474,1566481055.html",东方财富,3,2025-07-06 02:02:57
300474,各个板块涨嘛了，分比不跟，下跌最积极，赶紧查查这个烂公司吧,坚定的韭菜一枚,07-02 09:39,2025-07-02 09:39:00,61,1,"http://guba.eastmoney.com/news,300474,1566464896.html",东方财富,3,2025-07-06 02:02:57
300474,ctma今天又是绿油油的一一天,和蔼可亲的许卓婷,07-02 09:42,2025-07-02 09:42:00,54,0,"http://guba.eastmoney.com/news,300474,1566472412.html",东方财富,3,2025-07-06 02:02:57
300474,跟着半导体狂泻不止,江湖故人,07-02 09:40,2025-07-02 09:40:00,59,0,"http://guba.eastmoney.com/news,300474,1566467114.html",东方财富,3,2025-07-06 02:02:57
300474,景嘉微与摩尔线程在核心产品性能上的全方位对标分析，结合技术参数、应用适配、市场表,江左吴郎1999,07-01 09:46,2025-07-01 09:46:00,1979,8,"http://guba.eastmoney.com/news,300474,1566375839.html",东方财富,3,2025-07-06 02:02:57
300474,没见过升5点以上！,韭菜20cm长,07-02 09:17,2025-07-02 09:17:00,54,1,"http://guba.eastmoney.com/news,300474,1566427515.html",东方财富,3,2025-07-06 02:02:57
300474,你不卖我不卖股价跌到让你卖！,股友h81183K008,07-02 08:34,2025-07-02 08:34:00,62,0,"http://guba.eastmoney.com/news,300474,1566416939.html",东方财富,3,2025-07-06 02:02:57
300474,就你这个军工芯片不行,赢jz618168,07-02 08:34,2025-07-02 08:34:00,354,0,"http://guba.eastmoney.com/news,300474,1566416896.html",东方财富,4,2025-07-06 02:02:59
300474,你们喜欢的GPU亏货们即将上市，一个比一个亏的厉害，不过无所谓，反正股价能涨就好,李慢慢19784810,07-01 10:41,2025-07-01 10:41:00,1054,3,"http://guba.eastmoney.com/news,300474,1566384760.html",东方财富,4,2025-07-06 02:02:59
300474,夜观天象，这个礼拜要变盘了，向上还是向下呢,顺势搭便车,07-01 11:32,2025-07-01 11:32:00,187,0,"http://guba.eastmoney.com/news,300474,1566390939.html",东方财富,4,2025-07-06 02:02:59
300474,$景嘉微(SZ300474)$,李慢慢19784810,07-01 10:44,2025-07-01 10:44:00,850,0,"http://guba.eastmoney.com/news,300474,1566385186.html",东方财富,4,2025-07-06 02:02:59
300474,等这个卖了还能补一手烂景,我在烂景躲牛市,07-01 10:23,2025-07-01 10:23:00,809,1,"http://guba.eastmoney.com/news,300474,1566382020.html",东方财富,4,2025-07-06 02:02:59
300474,董秘跟鸭脖哥都消失了。。。,股友m8189G6683,07-01 08:55,2025-07-01 08:55:00,161,1,"http://guba.eastmoney.com/news,300474,1566365829.html",东方财富,4,2025-07-06 02:02:59
300474,摩尔线程一来，这股是不是更废了,经纶来财地李秋水,07-01 06:25,2025-07-01 06:25:00,223,3,"http://guba.eastmoney.com/news,300474,1566338143.html",东方财富,4,2025-07-06 02:02:59
300474,三层楼都盖完了，别人还怎么盖？$景嘉微(SZ300474)$$海光信息(SH68,HIGHWAY18938,07-01 07:22,2025-07-01 07:22:00,397,2,"http://guba.eastmoney.com/news,300474,1566348732.html",东方财富,4,2025-07-06 02:02:59
300474,好久没关注景嘉微了，摩尔线程竟然也来了，这至少说明一点自研IP也好，拿来主义IP,日已暮途尚远,07-01 06:57,2025-07-01 06:57:00,387,2,"http://guba.eastmoney.com/news,300474,1566344257.html",东方财富,4,2025-07-06 02:02:59
300474,等沐熙来了，等摩尔来了，加上渣景，就会有GPU概念股了，就会稳定。不然，凭这怂货,李慢慢19784810,07-01 12:11,2025-07-01 12:11:00,588,22,"http://guba.eastmoney.com/news,300474,1566151315.html",东方财富,4,2025-07-06 02:02:59
300474,人家的军工又开始了吧,股友tc9uhf,07-01 02:11,2025-07-01 02:11:00,105,1,"http://guba.eastmoney.com/news,300474,1566231897.html",东方财富,4,2025-07-06 02:02:59
300474,摩尔线程有自己的生态平台，支持海光和麒麟，也有自己的GPU，已经从外国技术授权切,自由之火龙果,07-01 09:22,2025-07-01 09:22:00,236,5,"http://guba.eastmoney.com/news,300474,1565940200.html",东方财富,4,2025-07-06 02:02:59
300474,苟看了都摇头，半年一直跌,坚定的韭菜一枚,07-01 06:24,2025-07-01 06:24:00,97,0,"http://guba.eastmoney.com/news,300474,1566337851.html",东方财富,4,2025-07-06 02:02:59
300474,我把景嘉微扔了5000股买的捷强装备。总算是弥补了一下这波行情的遗憾。,乐正英昭5402,07-01 03:29,2025-07-01 03:29:00,145,1,"http://guba.eastmoney.com/news,300474,1566297320.html",东方财富,4,2025-07-06 02:02:59
300474,洗洗睡吧，废了这股,一新起点一,07-01 04:56,2025-07-01 04:56:00,96,0,"http://guba.eastmoney.com/news,300474,1566319093.html",东方财富,4,2025-07-06 02:02:59
300474,你一手我一手，股价买到199,我只会allin,06-30 01:18,2025-06-30 01:18:00,73,1,"http://guba.eastmoney.com/news,300474,1565688512.html",东方财富,4,2025-07-06 02:02:59
300474,跌无可跌必大涨，今天忍不住73进了，明天开始唱多，本周大概率5-10个点盈利妥妥,刚入市的新韭菜,07-01 03:28,2025-07-01 03:28:00,183,2,"http://guba.eastmoney.com/news,300474,1566296800.html",东方财富,4,2025-07-06 02:02:59
300474,每次大盘调整，这垃圾是首当其冲啊,股友l3903X0336,07-01 09:47,2025-07-01 09:47:00,63,2,"http://guba.eastmoney.com/news,300474,1565992396.html",东方财富,4,2025-07-06 02:02:59
300474,整个微芯片都涨，就你跌，这是恶意打压骗筹码!,S缠烂炒追到D,07-01 10:59,2025-07-01 10:59:00,131,3,"http://guba.eastmoney.com/news,300474,1566103905.html",东方财富,4,2025-07-06 02:02:59
300474,就这也是利好自主芯片？丢人啊早盘还加仓了！弄个反t走了去翰宇药业等拉去业绩牛应该,股友7n679f9255,07-01 11:47,2025-07-01 11:47:00,74,1,"http://guba.eastmoney.com/news,300474,1566145225.html",东方财富,4,2025-07-06 02:02:59
300474,英伟达细跟毫毛，放在景嘉微身上，都如同一座大山。,龙头必须涨停,07-01 01:23,2025-07-01 01:23:00,83,2,"http://guba.eastmoney.com/news,300474,1566184390.html",东方财富,4,2025-07-06 02:02:59
300474,整个微芯片行业都涨，唯你高处横盘4天不拉升，Jian庄说，两条路:要么你们走，我,S缠烂炒追到D,07-01 03:03,2025-07-01 03:03:00,106,0,"http://guba.eastmoney.com/news,300474,1566286136.html",东方财富,4,2025-07-06 02:02:59
300474,我来给大家鼓鼓气，坚定信心，到60买入必大赚特赚,马三小,07-01 02:40,2025-07-01 02:40:00,86,1,"http://guba.eastmoney.com/news,300474,1566262429.html",东方财富,4,2025-07-06 02:02:59
300474,量化和减持已经乌烟瘴气，再炒股，毫无意义，,龙头必须涨停,07-01 02:42,2025-07-01 02:42:00,91,0,"http://guba.eastmoney.com/news,300474,1566264028.html",东方财富,4,2025-07-06 02:02:59
300474,上市十年了，既然不能做大做强，那就干脆退市吧，把资源让给高事情的人！景嘉微，希望,龙头必须涨停,07-01 02:09,2025-07-01 02:09:00,71,0,"http://guba.eastmoney.com/news,300474,1566229328.html",东方财富,4,2025-07-06 02:02:59
300474,真的很烂,股友312Q275G39,07-01 02:04,2025-07-01 02:04:00,68,1,"http://guba.eastmoney.com/news,300474,1566225138.html",东方财富,4,2025-07-06 02:02:59
300474,垃圾分类,抓涨小能手1987,07-01 02:03,2025-07-01 02:03:00,60,0,"http://guba.eastmoney.com/news,300474,1566224086.html",东方财富,4,2025-07-06 02:02:59
300474,你这是跟谁啊,靠运气必赢,07-01 01:59,2025-07-01 01:59:00,63,1,"http://guba.eastmoney.com/news,300474,1566219873.html",东方财富,4,2025-07-06 02:02:59
300474,叱蚀票,江湖故人,07-01 01:49,2025-07-01 01:49:00,62,0,"http://guba.eastmoney.com/news,300474,1566209146.html",东方财富,4,2025-07-06 02:02:59
300474,下午收盘来个涨停,大发大展得周伯通,07-01 01:37,2025-07-01 01:37:00,82,2,"http://guba.eastmoney.com/news,300474,1566197671.html",东方财富,4,2025-07-06 02:02:59
300474,靠，勾比主力庄家盘中的差价玩的很溜。,恭喜发财MM,07-01 11:15,2025-07-01 11:15:00,102,2,"http://guba.eastmoney.com/news,300474,1566122585.html",东方财富,4,2025-07-06 02:02:59
300474,能红就好,战地狙击手,07-01 01:37,2025-07-01 01:37:00,67,0,"http://guba.eastmoney.com/news,300474,1566197626.html",东方财富,4,2025-07-06 02:02:59
300474,砸盘吧，别恶心人。速度一点,襁褓中的柚子,07-01 01:19,2025-07-01 01:19:00,58,0,"http://guba.eastmoney.com/news,300474,1566180397.html",东方财富,4,2025-07-06 02:02:59
300474,几天了，下午就不能拉起来？,狂山无草木,07-01 01:17,2025-07-01 01:17:00,66,0,"http://guba.eastmoney.com/news,300474,1566177844.html",东方财富,4,2025-07-06 02:02:59
300474,军工和半导体都带不动，说明有鬼啊，不能买,股友51137i196q,07-01 01:13,2025-07-01 01:13:00,83,2,"http://guba.eastmoney.com/news,300474,1566174166.html",东方财富,4,2025-07-06 02:02:59
300474,未来可期吧,沙湖旁的电磁炉,07-01 12:55,2025-07-01 12:55:00,80,0,"http://guba.eastmoney.com/news,300474,1566159237.html",东方财富,4,2025-07-06 02:02:59
300474,你大哥带你飞了…,招财成章的殷野,07-01 12:53,2025-07-01 12:53:00,71,0,"http://guba.eastmoney.com/news,300474,1566158783.html",东方财富,4,2025-07-06 02:02:59
300474,再洗2-3次后拉升,股友Y905276o88,07-01 12:00,2025-07-01 12:00:00,87,1,"http://guba.eastmoney.com/news,300474,1566148676.html",东方财富,4,2025-07-06 02:02:59
300474,兄弟姐妹们，下午会跌倒70元吗？68-69考虑建仓，本周有希望吗？,刚入市的新韭菜,07-01 11:36,2025-07-01 11:36:00,102,2,"http://guba.eastmoney.com/news,300474,1566141441.html",东方财富,4,2025-07-06 02:02:59
300474,景勾，如果大盘4000点了，我想知道你是不是还在75以下划水？,我在烂景躲牛市,07-01 11:53,2025-07-01 11:53:00,77,0,"http://guba.eastmoney.com/news,300474,1566147090.html",东方财富,4,2025-07-06 02:02:59
300474,这个主力有强迫症，74.88，73.77，明天是不是想搞72.66？,回本再翻倍,07-01 11:44,2025-07-01 11:44:00,75,0,"http://guba.eastmoney.com/news,300474,1566144250.html",东方财富,4,2025-07-06 02:02:59
300474,有点不一样,战地狙击手,07-01 11:42,2025-07-01 11:42:00,75,0,"http://guba.eastmoney.com/news,300474,1566143586.html",东方财富,4,2025-07-06 02:02:59
300474,景嘉微：连续6日融资净买入累计1.06亿元（06-30）,景嘉微资讯,07-01 09:13,2025-07-01 09:13:00,89,1,"http://guba.eastmoney.com/news,300474,1565935899.html",东方财富,4,2025-07-06 02:02:59
300474,摩尔线程马上要上市，通用性算力远超景嘉微，景嘉微何去何从。,封停开盘,07-01 11:40,2025-07-01 11:40:00,90,0,"http://guba.eastmoney.com/news,300474,1566142727.html",东方财富,4,2025-07-06 02:02:59
300474,高处横盘4天不拉升，庄说，两条路:要么你们走，我留下来独食!!!要么你们站岗，我,S缠烂炒追到D,07-01 11:15,2025-07-01 11:15:00,98,2,"http://guba.eastmoney.com/news,300474,1566123080.html",东方财富,4,2025-07-06 02:02:59
300474,持股两年，玩了个寂寞，73的本，还是73收盘。,股友1070i85v57,07-01 07:55,2025-07-01 07:55:00,95,2,"http://guba.eastmoney.com/news,300474,1565921940.html",东方财富,4,2025-07-06 02:02:59
300474,今年只得了20%几，是最牛的创业板成分值,龙头必须涨停,07-01 11:16,2025-07-01 11:16:00,71,0,"http://guba.eastmoney.com/news,300474,1566123772.html",东方财富,4,2025-07-06 02:02:59
300474,感觉景嘉微人气一直高的原因是这样！人们发现军工涨的好，进来看了下军工电子股的景嘉,股友D3W6626161,07-01 10:50,2025-07-01 10:50:00,136,1,"http://guba.eastmoney.com/news,300474,1566091726.html",东方财富,4,2025-07-06 02:02:59
300474,今天买入,AA天AA,07-01 11:05,2025-07-01 11:05:00,70,0,"http://guba.eastmoney.com/news,300474,1566110758.html",东方财富,4,2025-07-06 02:02:59
300474,上交所630五家IPO受理，摩尔+沐曦，GPU版块将更受关注。,岳麓山泡脚哥,07-01 10:52,2025-07-01 10:52:00,243,1,http://caifuhao.eastmoney.com/news/20250701105220072438200,东方财富,4,2025-07-06 02:02:59
300474,今天跟军工回调,知一型男,07-01 10:45,2025-07-01 10:45:00,66,0,"http://guba.eastmoney.com/news,300474,1566085525.html",东方财富,4,2025-07-06 02:02:59
300474,已经量产？还追平A100？还全自研？什么名堂。,岳麓山泡脚哥,07-01 09:50,2025-07-01 09:50:00,372,1,http://caifuhao.eastmoney.com/news/20250701095046505748990,东方财富,4,2025-07-06 02:02:59
300474,军工GPU一哥…就这德行,羿虎养家,07-01 10:32,2025-07-01 10:32:00,71,0,"http://guba.eastmoney.com/news,300474,1566067833.html",东方财富,4,2025-07-06 02:02:59
300474,今天你丫的想涨点了，可大盘不给力了要调整了！,恭喜发财MM,07-01 09:38,2025-07-01 09:38:00,124,9,"http://guba.eastmoney.com/news,300474,1565970455.html",东方财富,4,2025-07-06 02:02:59
300474,客观理性说，市场中比这货烂的不多,腾飞中国龙,07-01 09:24,2025-07-01 09:24:00,77,3,"http://guba.eastmoney.com/news,300474,1565941028.html",东方财富,4,2025-07-06 02:02:59
300474,怎么一回都硬不起来吗,股友3C372q2558,07-01 10:25,2025-07-01 10:25:00,66,0,"http://guba.eastmoney.com/news,300474,1566058414.html",东方财富,4,2025-07-06 02:02:59
300474,半导体和军工最垃圾,骑扬高雅得白鹤,07-01 10:15,2025-07-01 10:15:00,73,1,"http://guba.eastmoney.com/news,300474,1566042451.html",东方财富,4,2025-07-06 02:02:59
300474,就不涨就不涨，气不气？一会回调我就跳水给你们看,本想赚钱实则回本,07-01 10:22,2025-07-01 10:22:00,67,0,"http://guba.eastmoney.com/news,300474,1566053414.html",东方财富,4,2025-07-06 02:02:59
300474,你真的是半导体吗，还是哪个皮包公司,做多才能吃上热菜,07-01 10:14,2025-07-01 10:14:00,67,0,"http://guba.eastmoney.com/news,300474,1566040145.html",东方财富,4,2025-07-06 02:02:59
300474,底仓,sgzt123,07-01 10:00,2025-07-01 10:00:00,62,0,"http://guba.eastmoney.com/news,300474,1566017075.html",东方财富,4,2025-07-06 02:02:59
300474,今天下跌当龙头,真诚的马泰成,07-01 09:43,2025-07-01 09:43:00,51,0,"http://guba.eastmoney.com/news,300474,1565982740.html",东方财富,4,2025-07-06 02:02:59
300474,买入豆神教育,江湖故人,07-01 09:41,2025-07-01 09:41:00,52,0,"http://guba.eastmoney.com/news,300474,1565977127.html",东方财富,4,2025-07-06 02:02:59
300474,哪个散户还在疯狂卖出？本周上90元！,金融趟的开,07-01 09:33,2025-07-01 09:33:00,54,1,"http://guba.eastmoney.com/news,300474,1565960425.html",东方财富,4,2025-07-06 02:02:59
300474,季线月线好漂亮！,赢亡口月贝凡,06-30 07:58,2025-06-30 07:58:00,1154,4,"http://guba.eastmoney.com/news,300474,1565868855.html",东方财富,4,2025-07-06 02:02:59
300474,今天清理掉这垃圾,真诚的马泰成,07-01 09:07,2025-07-01 09:07:00,49,0,"http://guba.eastmoney.com/news,300474,1565933970.html",东方财富,4,2025-07-06 02:02:59
300474,减持股还有这么多人关注？为什么？因为套牢盘？结论远离快跑,豪能80,06-30 08:04,2025-06-30 08:04:00,233,3,"http://guba.eastmoney.com/news,300474,1565869863.html",东方财富,4,2025-07-06 02:02:59
300474,两个算力独角兽都在今晚宣布IPO申请受理，沐曦股份科创板IPO申请获受理，募资3,江左吴郎1999,07-01 07:11,2025-07-01 07:11:00,823,2,"http://guba.eastmoney.com/news,300474,1565919052.html",东方财富,4,2025-07-06 02:02:59
300474,$景嘉微(SZ300474)$,坚持11111,07-01 08:12,2025-07-01 08:12:00,483,1,"http://guba.eastmoney.com/news,300474,1565923379.html",东方财富,4,2025-07-06 02:02:59
300474,景嘉微是个宝，一直持有到老，就不信不给我回报,专抓低位牛股,07-01 08:05,2025-07-01 08:05:00,63,0,"http://guba.eastmoney.com/news,300474,1565922767.html",东方财富,4,2025-07-06 02:02:59
300474,沐曦要39亿，摩尔线程要80亿，你的39亿都到账快一年了，有啥动静么？,股友m8189G6683,06-30 08:57,2025-06-30 08:57:00,615,5,"http://guba.eastmoney.com/news,300474,1565879554.html",东方财富,4,2025-07-06 02:02:59
300474,军工股批量涨停，可这景垃圾真是烂透了。,H0S89,06-30 03:14,2025-06-30 03:14:00,143,2,"http://guba.eastmoney.com/news,300474,1565801712.html",东方财富,4,2025-07-06 02:02:59
300474,股价和市值反应公司情况，你调整可以，但是哪见过好公司发展好预期好的腰斩？我不信主,兴盛2025,07-01 12:44,2025-07-01 12:44:00,231,1,"http://guba.eastmoney.com/news,300474,1565908927.html",东方财富,4,2025-07-06 02:02:59
300474,摩尔线程80亿，沐曦39亿，同一天受理,股友00797ll909,06-30 08:54,2025-06-30 08:54:00,261,2,"http://guba.eastmoney.com/news,300474,1565878966.html",东方财富,4,2025-07-06 02:02:59
300474,一堆绿的,有条理的蝶飞羽15,06-30 08:56,2025-06-30 08:56:00,111,0,"http://guba.eastmoney.com/news,300474,1565879449.html",东方财富,4,2025-07-06 02:02:59
300474,摩尔过会,股友zkVmIh,06-30 08:43,2025-06-30 08:43:00,116,0,"http://guba.eastmoney.com/news,300474,1565876829.html",东方财富,4,2025-07-06 02:02:59
300474,这个公司主要业务是干什么的,baihui百荟鞋业,06-30 04:08,2025-06-30 04:08:00,238,3,"http://guba.eastmoney.com/news,300474,1565819145.html",东方财富,4,2025-07-06 02:02:59
300474,买在次高点。,股友8999d111c9,06-30 05:00,2025-06-30 05:00:00,109,1,"http://guba.eastmoney.com/news,300474,1565833067.html",东方财富,5,2025-07-06 02:03:00
300474,这个时点机构不会拉的呀，马上要发业绩肯定又是亏损。机构到时候向下砸一波顺手洗一波,股友C21A5i,06-30 04:43,2025-06-30 04:43:00,150,0,"http://guba.eastmoney.com/news,300474,1565828750.html",东方财富,5,2025-07-06 02:03:00
300474,今天炒军工，你是芯片半导体，明天炒芯片半导体，你是军工,C财神驾到S,06-30 04:01,2025-06-30 04:01:00,119,1,"http://guba.eastmoney.com/news,300474,1565817577.html",东方财富,5,2025-07-06 02:03:00
300474,今天提持有该股的兄弟姐妹们高兴，没按照我的预想进行，今天没有买点，明天再看吧！,刚入市的新韭菜,06-30 03:38,2025-06-30 03:38:00,192,2,"http://guba.eastmoney.com/news,300474,1565810665.html",东方财富,5,2025-07-06 02:03:00
300474,洗出去不少了该冲一冲,深海鲸鲨,06-30 03:29,2025-06-30 03:29:00,101,1,"http://guba.eastmoney.com/news,300474,1565807517.html",东方财富,5,2025-07-06 02:03:00
300474,有被洗进来的,战地狙击手,06-30 03:33,2025-06-30 03:33:00,91,0,"http://guba.eastmoney.com/news,300474,1565809333.html",东方财富,5,2025-07-06 02:03:00
300474,洗牌好稳健,AI先锋,06-30 02:36,2025-06-30 02:36:00,205,4,"http://guba.eastmoney.com/news,300474,1565767521.html",东方财富,5,2025-07-06 02:03:00
300474,趁着军工今天行情好，73块钱有大资金使劲卖出了整整一天。。。,股友m8189G6683,06-30 03:10,2025-06-30 03:10:00,107,0,"http://guba.eastmoney.com/news,300474,1565800061.html",东方财富,5,2025-07-06 02:03:00
300474,半年跌百分之二十几，去年前年为了增发，也是不死不活，这哪里是高科技，高科技，还是,龙头必须涨停,06-30 03:01,2025-06-30 03:01:00,121,2,"http://guba.eastmoney.com/news,300474,1565794517.html",东方财富,5,2025-07-06 02:03:00
300474,垃圾股，没什么技术，军工股涨这样]，他都没什么反应！,股友OlfNXR,06-30 03:00,2025-06-30 03:00:00,80,0,"http://guba.eastmoney.com/news,300474,1565793775.html",东方财富,5,2025-07-06 02:03:00
300474,二季度末了，冲下业绩吧,一塌糊涂888,06-30 02:54,2025-06-30 02:54:00,76,0,"http://guba.eastmoney.com/news,300474,1565787490.html",东方财富,5,2025-07-06 02:03:00
300474,尾盘要启动了,翡翠钵满地达摩,06-30 01:52,2025-06-30 01:52:00,94,2,"http://guba.eastmoney.com/news,300474,1565724164.html",东方财富,5,2025-07-06 02:03:00
300474,大盘3800点这货估计也喝不到一口汤,江湖故人,06-30 02:28,2025-06-30 02:28:00,84,1,"http://guba.eastmoney.com/news,300474,1565759081.html",东方财富,5,2025-07-06 02:03:00
300474,老曾是个负责任有情义有担当的企业家，为了太太，给产品取名景美，为兄弟给产品取名景,腾飞中国龙,06-30 02:15,2025-06-30 02:15:00,169,0,"http://guba.eastmoney.com/news,300474,1565746863.html",东方财富,5,2025-07-06 02:03:00
300474,别幻想了，这货不是军工股,捂了嚎风,06-30 02:11,2025-06-30 02:11:00,63,0,"http://guba.eastmoney.com/news,300474,1565741754.html",东方财富,5,2025-07-06 02:03:00
300474,散户多，为什么拉,江湖故人,06-30 01:52,2025-06-30 01:52:00,70,0,"http://guba.eastmoney.com/news,300474,1565723551.html",东方财富,5,2025-07-06 02:03:00
300474,军工暴涨,否极泰来之无形,06-30 01:51,2025-06-30 01:51:00,70,0,"http://guba.eastmoney.com/news,300474,1565722160.html",东方财富,5,2025-07-06 02:03:00
300474,军工回调，你得跌到姥姥家,坚定的韭菜一枚,06-30 01:49,2025-06-30 01:49:00,63,0,"http://guba.eastmoney.com/news,300474,1565720114.html",东方财富,5,2025-07-06 02:03:00
300474,完全浪费了军工的板块行情,股友m8189G6683,06-30 01:48,2025-06-30 01:48:00,70,0,"http://guba.eastmoney.com/news,300474,1565718656.html",东方财富,5,2025-07-06 02:03:00
300474,人送绰号，绿毛景,真诚的马泰成,06-30 01:45,2025-06-30 01:45:00,63,0,"http://guba.eastmoney.com/news,300474,1565716293.html",东方财富,5,2025-07-06 02:03:00
300474,这玩意也挂靠军工,真诚的马泰成,06-30 01:44,2025-06-30 01:44:00,65,0,"http://guba.eastmoney.com/news,300474,1565714644.html",东方财富,5,2025-07-06 02:03:00
300474,国家大基金没等来，看来曾总也是失误了，本想大基金会来接盘没想到大基金只好搞高科技,重生之我在大炒股,06-30 12:01,2025-06-30 12:01:00,730,3,"http://guba.eastmoney.com/news,300474,1565439750.html",东方财富,5,2025-07-06 02:03:00
300474,军工涨这样了，也动动，咋也是军工图显第一股。。就这尿性,自由星辰X,06-30 10:39,2025-06-30 10:39:00,158,4,"http://guba.eastmoney.com/news,300474,1565596025.html",东方财富,5,2025-07-06 02:03:00
300474,耐心持有！,韭菜20cm长,06-30 01:32,2025-06-30 01:32:00,67,0,"http://guba.eastmoney.com/news,300474,1565703081.html",东方财富,5,2025-07-06 02:03:00
300474,死股,股友3C372q2558,06-30 01:31,2025-06-30 01:31:00,70,0,"http://guba.eastmoney.com/news,300474,1565701270.html",东方财富,5,2025-07-06 02:03:00
300474,军工都起飞了，真的太恶心了,隔着屏幕大口吃面,06-30 01:20,2025-06-30 01:20:00,67,0,"http://guba.eastmoney.com/news,300474,1565690328.html",东方财富,5,2025-07-06 02:03:00
300474,别的雷达都涨停了，你这个雷达该不会是不行吧？前两天不是还一下吗,坚决的孙飞文,06-30 12:24,2025-06-30 12:24:00,103,1,"http://guba.eastmoney.com/news,300474,1565663187.html",东方财富,5,2025-07-06 02:03:00
300474,很多投资者总以为jjw是这板块那板块，其实它不跟任何板块，当然了，跌的时候它会以,腾飞中国龙,06-30 11:52,2025-06-30 11:52:00,143,0,"http://guba.eastmoney.com/news,300474,1565656567.html",东方财富,5,2025-07-06 02:03:00
300474,$景嘉微(SZ300474)$要超级无敌大跌了！最新消息！,小小得钉子户,06-30 01:40,2025-06-30 01:40:00,620,5,"http://guba.eastmoney.com/news,300474,1565442353.html",东方财富,5,2025-07-06 02:03:00
300474,景嘉,战地狙击手,06-30 11:36,2025-06-30 11:36:00,78,0,"http://guba.eastmoney.com/news,300474,1565651561.html",东方财富,5,2025-07-06 02:03:00
300474,景嘉微芯片，没有资格好爹,龙头必须涨停,06-30 11:29,2025-06-30 11:29:00,78,0,"http://guba.eastmoney.com/news,300474,1565648230.html",东方财富,5,2025-07-06 02:03:00
300474,景嘉微：连续5日融资净买入累计8666.2万元（06-27）,景嘉微资讯,06-30 09:19,2025-06-30 09:19:00,77,1,"http://guba.eastmoney.com/news,300474,1565464717.html",东方财富,5,2025-07-06 02:03:00
300474,我割了，留下的发财，受不了了。,股友35q9139Z89,06-30 11:28,2025-06-30 11:28:00,77,0,"http://guba.eastmoney.com/news,300474,1565647435.html",东方财富,5,2025-07-06 02:03:00
300474,军工和半导体都涨，这货垃圾不跟,股友R659J27078,06-30 11:28,2025-06-30 11:28:00,72,0,"http://guba.eastmoney.com/news,300474,1565647357.html",东方财富,5,2025-07-06 02:03:00
300474,今天会不会下午与前二天一样一路走低。,H0S89,06-30 11:14,2025-06-30 11:14:00,79,0,"http://guba.eastmoney.com/news,300474,1565634106.html",东方财富,5,2025-07-06 02:03:00
300474,加仓！！！,买了永远不动,06-30 10:49,2025-06-30 10:49:00,75,0,"http://guba.eastmoney.com/news,300474,1565608864.html",东方财富,5,2025-07-06 02:03:00
300474,恶心啊,佐助大手,06-30 10:44,2025-06-30 10:44:00,68,0,"http://guba.eastmoney.com/news,300474,1565602959.html",东方财富,5,2025-07-06 02:03:00
300474,不管三七二十一，今天开盘先跌3-5个点，下午加速下跌探底到66。,刚入市的新韭菜,06-30 07:28,2025-06-30 07:28:00,134,1,"http://guba.eastmoney.com/news,300474,1565448258.html",东方财富,5,2025-07-06 02:03:00
300474,景嘉微~PCB涨了，CPO也涨了，现在是该轮到GPU涨了，期待中……,专抓低位牛股,06-30 06:51,2025-06-30 06:51:00,133,0,"http://guba.eastmoney.com/news,300474,1565446374.html",东方财富,5,2025-07-06 02:03:00
300474,稳重求进，不错,用心的俞烨冰,06-30 10:18,2025-06-30 10:18:00,67,0,"http://guba.eastmoney.com/news,300474,1565569953.html",东方财富,5,2025-07-06 02:03:00
300474,走不赢我的卡仕达了科技,龙头必须涨停,06-30 10:15,2025-06-30 10:15:00,77,0,"http://guba.eastmoney.com/news,300474,1565565728.html",东方财富,5,2025-07-06 02:03:00
300474,准备一个点继续T,股友Wv66692039,06-30 09:34,2025-06-30 09:34:00,83,3,"http://guba.eastmoney.com/news,300474,1565492577.html",东方财富,5,2025-07-06 02:03:00
300474,小小的往上走一点是一点,美好世界美好的你,06-30 09:53,2025-06-30 09:53:00,71,0,"http://guba.eastmoney.com/news,300474,1565528940.html",东方财富,5,2025-07-06 02:03:00
300474,中美之间问题已决，小把戏没希望了。,招财万贯de小龙女,06-30 09:45,2025-06-30 09:45:00,29,0,http://caifuhao.eastmoney.com/news/20250630094553879118170,东方财富,5,2025-07-06 02:03:00
300474,5个点,敢作敢当的慧灵,06-30 08:54,2025-06-30 08:54:00,71,1,"http://guba.eastmoney.com/news,300474,1565456968.html",东方财富,5,2025-07-06 02:03:00
300474,如果哪天突然向上爆量超过30亿就说明主力开始向上操作了，其余时间都是一个字“等”,djcjbbfi,06-29 09:39,2025-06-29 09:39:00,248,1,"http://guba.eastmoney.com/news,300474,1565430868.html",东方财富,5,2025-07-06 02:03:00
300474,龙芯中科没人说了。。现在充电宝了,福星高照快点回本,06-29 10:50,2025-06-29 10:50:00,184,0,"http://guba.eastmoney.com/news,300474,1565436233.html",东方财富,5,2025-07-06 02:03:00
300474,外盘大于内盘，缩量上涨。明天会猛涨。主力己吸够筹码了,可靠的姜紫宵,06-29 07:36,2025-06-29 07:36:00,264,2,"http://guba.eastmoney.com/news,300474,1565422776.html",东方财富,5,2025-07-06 02:03:00
300474,$景嘉微(SZ300474)$,腾飞中国龙,06-29 06:32,2025-06-29 06:32:00,229,0,"http://guba.eastmoney.com/news,300474,1565419564.html",东方财富,5,2025-07-06 02:03:00
300474,景嘉微本周融资净买入5804.08万元，居电子元件板块第十二,大眼看两融,06-29 03:10,2025-06-29 03:10:00,86,0,"http://guba.eastmoney.com/news,300474,1565408761.html",东方财富,5,2025-07-06 02:03:00
300474,下周破85,股友a5699860y5,06-29 10:18,2025-06-29 10:18:00,193,0,"http://guba.eastmoney.com/news,300474,1565390558.html",东方财富,5,2025-07-06 02:03:00
